semana,dimensao,valor,n,media,var
2023-05-29,platform,Bilibili,101,0.1988147405344807,2.051067564681978e-05
2023-05-29,platform,Instagram,94,0.1983462831359385,2.0397427091831103e-05
2023-05-29,platform,RedNote,99,0.19977966560248236,2.155264958633485e-05
2023-05-29,platform,TikTok,79,0.19924879549728083,2.5648437153987775e-05
2023-05-29,platform,YouTube,107,0.19907383941705412,1.9635329940024924e-05
2023-06-05,platform,Bilibili,106,0.19908747268500193,2.817806406932221e-05
2023-06-05,platform,Instagram,116,0.19911579954833541,2.9154923852156908e-05
2023-06-05,platform,RedNote,90,0.1986789458309777,2.7093155425122472e-05
2023-06-05,platform,TikTok,82,0.19896666055262752,2.7815757935275333e-05
2023-06-05,platform,YouTube,102,0.19938729107294834,2.5580730917629087e-05
2023-06-12,platform,Bilibili,104,0.1984156678614717,2.247340191111754e-05
2023-06-12,platform,Instagram,99,0.1985320010127345,2.6091279250904188e-05
2023-06-12,platform,RedNote,103,0.19987563531455704,2.5149175390411226e-05
2023-06-12,platform,TikTok,106,0.19927587639487868,2.1194053079411557e-05
2023-06-12,platform,YouTube,103,0.19957504335908088,2.1986594591706016e-05
2023-06-19,platform,Bilibili,106,0.19892258271885088,2.558204947378112e-05
2023-06-19,platform,Instagram,115,0.19899906213776708,2.5181483740182895e-05
2023-06-19,platform,RedNote,121,0.19938172607929,2.393263275496522e-05
2023-06-19,platform,TikTok,83,0.1988507510001038,3.074764156753674e-05
2023-06-19,platform,YouTube,121,0.19922556740370234,2.2326144658407834e-05
2023-06-26,platform,Bilibili,113,0.19873542513778839,3.054968481602214e-05
2023-06-26,platform,Instagram,109,0.19849938731956762,2.5885693164317815e-05
2023-06-26,platform,RedNote,90,0.19863730212578823,2.0833208300387686e-05
2023-06-26,platform,TikTok,104,0.19910609850668198,2.4044229436238504e-05
2023-06-26,platform,YouTube,110,0.1987145606287595,2.846299308056741e-05
2023-07-03,platform,Bilibili,101,0.198790729049993,2.29749464684574e-05
2023-07-03,platform,Instagram,115,0.20011775828000147,2.1103967046662106e-05
2023-07-03,platform,RedNote,99,0.1994611077705068,2.815101985626883e-05
2023-07-03,platform,TikTok,86,0.19934944267957116,2.4250890534288818e-05
2023-07-03,platform,YouTube,99,0.20000282055155363,2.8352689911672e-05
2023-07-10,platform,Bilibili,107,0.1996219456419696,2.4020764861326517e-05
2023-07-10,platform,Instagram,97,0.20038751095062898,2.5815470070178118e-05
2023-07-10,platform,RedNote,116,0.19866569613144974,3.0808275113239536e-05
2023-07-10,platform,TikTok,95,0.1995519688792823,1.8814701750618416e-05
2023-07-10,platform,YouTube,80,0.19948515031996922,2.035010178587217e-05
2023-07-17,platform,Bilibili,106,0.1987053991228332,2.2315587196698684e-05
2023-07-17,platform,Instagram,106,0.19849676217767703,2.482464464517394e-05
2023-07-17,platform,RedNote,102,0.19850717760636516,2.1817938011536e-05
2023-07-17,platform,TikTok,91,0.19834071440811493,2.2322880828691006e-05
2023-07-17,platform,YouTube,117,0.19872056611847905,2.133590256931605e-05
2023-07-24,platform,Bilibili,110,0.19855528117845384,2.406752539158172e-05
2023-07-24,platform,Instagram,93,0.19953898747794932,2.2392783206308027e-05
2023-07-24,platform,RedNote,94,0.19905570637109493,2.7232488901073854e-05
2023-07-24,platform,TikTok,95,0.19998472663204914,2.7949796776296003e-05
2023-07-24,platform,YouTube,105,0.1984259714297684,2.395269568140695e-05
2023-07-31,platform,Bilibili,109,0.19930541084521405,2.945517642356388e-05
2023-07-31,platform,Instagram,84,0.19897357578958438,1.8549182437788307e-05
2023-07-31,platform,RedNote,104,0.19814864063074702,2.2441503473040888e-05
2023-07-31,platform,TikTok,115,0.1988046363833553,2.3757802876397432e-05
2023-07-31,platform,YouTube,120,0.199472282449921,2.013967700540521e-05
2023-08-07,platform,Bilibili,105,0.1982906152843112,2.643225438701688e-05
2023-08-07,platform,Instagram,82,0.1987304458159737,2.3366782118103317e-05
2023-08-07,platform,RedNote,108,0.19821644393503396,2.1174785840410476e-05
2023-08-07,platform,TikTok,82,0.19841798364972743,2.1851384927405798e-05
2023-08-07,platform,YouTube,91,0.1987268317105302,2.3698601874455286e-05
2023-08-14,platform,Bilibili,114,0.19956304171243627,2.465406095995663e-05
2023-08-14,platform,Instagram,92,0.19887855304518642,2.4665762874047413e-05
2023-08-14,platform,RedNote,110,0.1982971926307598,2.338100707945443e-05
2023-08-14,platform,TikTok,115,0.19930372708785998,1.820103774576937e-05
2023-08-14,platform,YouTube,84,0.19819081418923132,2.473900884788801e-05
2023-08-21,platform,Bilibili,114,0.20010865375323209,2.6747839453437887e-05
2023-08-21,platform,Instagram,100,0.19871873333035406,2.010675614257938e-05
2023-08-21,platform,RedNote,104,0.19914793623959057,2.5377832076488942e-05
2023-08-21,platform,TikTok,88,0.1986360586500224,2.1765324821612423e-05
2023-08-21,platform,YouTube,92,0.19921991623669189,1.7827037530886487e-05
2023-08-28,platform,Bilibili,114,0.1987656982968873,1.8822847345851864e-05
2023-08-28,platform,Instagram,110,0.19855372217290299,2.3647236154689942e-05
2023-08-28,platform,RedNote,93,0.19909799345329973,2.6971887159899257e-05
2023-08-28,platform,TikTok,95,0.20011068137947743,2.411753043702721e-05
2023-08-28,platform,YouTube,80,0.19984758921572507,2.1533212014323438e-05
2023-09-04,platform,Bilibili,107,0.19889972030471598,2.5970625750315246e-05
2023-09-04,platform,Instagram,102,0.19889695716734487,2.3371636934106555e-05
2023-09-04,platform,RedNote,96,0.1988052349939393,2.2298188876794686e-05
2023-09-04,platform,TikTok,87,0.1991156493814148,2.3248107518129587e-05
2023-09-04,platform,YouTube,97,0.19880744366112565,2.2617068527349425e-05
2023-09-11,platform,Bilibili,87,0.19884667801187472,2.3246456389043217e-05
2023-09-11,platform,Instagram,94,0.19866537392038486,2.5034039859315912e-05
2023-09-11,platform,RedNote,90,0.19898391176471616,2.4891705957678396e-05
2023-09-11,platform,TikTok,113,0.19931994866896988,2.521331086713597e-05
2023-09-11,platform,YouTube,95,0.19914042703724016,2.498306477082678e-05
2023-09-18,platform,Bilibili,96,0.1998713819850884,2.0413350060531085e-05
2023-09-18,platform,Instagram,98,0.19831485948706343,2.080599618872858e-05
2023-09-18,platform,RedNote,103,0.19906529561878197,2.7679049680380724e-05
2023-09-18,platform,TikTok,112,0.2000296214137784,2.9629356305336222e-05
2023-09-18,platform,YouTube,81,0.19916016101965273,2.4254240493018683e-05
2023-09-25,platform,Bilibili,117,0.1990529801554922,2.0826145930379468e-05
2023-09-25,platform,Instagram,106,0.19916228318831686,2.8875133017269366e-05
2023-09-25,platform,RedNote,95,0.19894354886357352,2.5722107496079558e-05
2023-09-25,platform,TikTok,101,0.1995700743121169,2.429490311889505e-05
2023-09-25,platform,YouTube,83,0.19858878599249158,1.8411018563027164e-05
2023-10-02,platform,Bilibili,100,0.19896530645051214,2.4998992098619853e-05
2023-10-02,platform,Instagram,93,0.19805930521919024,2.2815554248475292e-05
2023-10-02,platform,RedNote,122,0.19895589557986534,2.127669656883144e-05
2023-10-02,platform,TikTok,89,0.19922035636219168,2.198796594362717e-05
2023-10-02,platform,YouTube,83,0.19838611527149966,1.5574597092062632e-05
2023-10-09,platform,Bilibili,88,0.19833536299954616,2.7657326624437434e-05
2023-10-09,platform,Instagram,99,0.19950822719150074,2.311723095627545e-05
2023-10-09,platform,RedNote,97,0.19914425314718523,2.3799352764296002e-05
2023-10-09,platform,TikTok,89,0.19944049437935962,2.2180586963268254e-05
2023-10-09,platform,YouTube,103,0.19962670663140702,2.335509130798474e-05
2023-10-16,platform,Bilibili,100,0.19935136501285733,2.455907002173476e-05
2023-10-16,platform,Instagram,96,0.19905765598393033,2.7031949209154734e-05
2023-10-16,platform,RedNote,95,0.19916126792653466,2.549318278038852e-05
2023-10-16,platform,TikTok,96,0.19904415589862526,2.0801159366209868e-05
2023-10-16,platform,YouTube,118,0.19807119636000736,2.18324681047442e-05
2023-10-23,platform,Bilibili,91,0.19929002614704922,2.810062823746051e-05
2023-10-23,platform,Instagram,94,0.1985288073006183,1.9997133851364317e-05
2023-10-23,platform,RedNote,110,0.19922473734997956,1.8272770793432404e-05
2023-10-23,platform,TikTok,107,0.1995518167878988,2.826739050309339e-05
2023-10-23,platform,YouTube,109,0.19915011143199962,1.7722025304762267e-05
2023-10-30,platform,Bilibili,106,0.19939252863871312,2.1957357599762586e-05
2023-10-30,platform,Instagram,101,0.19837702869806914,2.4693784203693877e-05
2023-10-30,platform,RedNote,102,0.1999008369612271,2.049309206914237e-05
2023-10-30,platform,TikTok,99,0.1983527620956514,2.6667932514999532e-05
2023-10-30,platform,YouTube,102,0.19877051307893534,2.463982217499135e-05
2023-11-06,platform,Bilibili,106,0.19892880088516787,2.003154965868452e-05
2023-11-06,platform,Instagram,91,0.19921843687396423,1.8095027100068705e-05
2023-11-06,platform,RedNote,102,0.1989162522743007,2.3183195621261538e-05
2023-11-06,platform,TikTok,105,0.199596300654686,2.4238795686787553e-05
2023-11-06,platform,YouTube,106,0.19923027367536678,2.2202663325948702e-05
2023-11-13,platform,Bilibili,107,0.2000503934738122,2.294261812422139e-05
2023-11-13,platform,Instagram,100,0.19936856365304353,2.5884538135212015e-05
2023-11-13,platform,RedNote,106,0.19865944873085958,2.420440997436842e-05
2023-11-13,platform,TikTok,93,0.19950493010808262,1.9318915953024365e-05
2023-11-13,platform,YouTube,95,0.19851190845002084,2.022084847004989e-05
2023-11-20,platform,Bilibili,119,0.20028264793572642,2.1895508062411575e-05
2023-11-20,platform,Instagram,108,0.19843562343398313,2.5313357874023083e-05
2023-11-20,platform,RedNote,95,0.19843092092001008,1.5418061609249363e-05
2023-11-20,platform,TikTok,86,0.19978194329935797,1.5762920922470575e-05
2023-11-20,platform,YouTube,99,0.19900909858811572,2.0494168115873877e-05
2023-11-27,platform,Bilibili,103,0.1992103338005781,2.3607687084492375e-05
2023-11-27,platform,Instagram,92,0.19830300294234376,3.066871880996071e-05
2023-11-27,platform,RedNote,91,0.1993976452868116,2.4048968532800257e-05
2023-11-27,platform,TikTok,101,0.19865436500812092,2.1288939536495424e-05
2023-11-27,platform,YouTube,95,0.19836282447179784,2.753683926961034e-05
2023-12-04,platform,Bilibili,94,0.19894068838259016,2.3408388823386106e-05
2023-12-04,platform,Instagram,114,0.19896495610073064,2.196158799027631e-05
2023-12-04,platform,RedNote,90,0.19963513875938993,2.376593292661269e-05
2023-12-04,platform,TikTok,88,0.19937027411041566,2.3079753290879883e-05
2023-12-04,platform,YouTube,94,0.19936255155236954,2.3855575195060077e-05
2023-12-11,platform,Bilibili,111,0.19906315488161033,2.3582246445947433e-05
2023-12-11,platform,Instagram,102,0.19974338239823147,2.5070079118957624e-05
2023-12-11,platform,RedNote,97,0.19887918028948576,2.6055288525017616e-05
2023-12-11,platform,TikTok,91,0.19988419228914645,2.2765758730827657e-05
2023-12-11,platform,YouTube,106,0.19868242108105458,2.691659630833078e-05
2023-12-18,platform,Bilibili,101,0.19950778648205755,2.2710806935479056e-05
2023-12-18,platform,Instagram,111,0.19963584128411618,2.1801782325954185e-05
2023-12-18,platform,RedNote,91,0.19968241022698938,2.118393011886211e-05
2023-12-18,platform,TikTok,87,0.19949812543763082,2.831347393799642e-05
2023-12-18,platform,YouTube,104,0.19915620559794392,2.3716262104159958e-05
2023-12-25,platform,Bilibili,90,0.19894439900473207,1.783057380463548e-05
2023-12-25,platform,Instagram,111,0.19881953950245124,1.9091524759508132e-05
2023-12-25,platform,RedNote,104,0.19887553120186924,2.3227331395154685e-05
2023-12-25,platform,TikTok,97,0.19845332594859705,2.04959336394402e-05
2023-12-25,platform,YouTube,92,0.19930209372396293,2.650305057364456e-05
2024-01-01,platform,Bilibili,102,0.19923949528483328,2.5843565079256902e-05
2024-01-01,platform,Instagram,91,0.19909805410069892,2.2243922334719227e-05
2024-01-01,platform,RedNote,123,0.19934316650301237,2.4617527388282827e-05
2024-01-01,platform,TikTok,99,0.1989269389162385,2.2290801857708052e-05
2024-01-01,platform,YouTube,112,0.19918855393524607,2.4105235763066785e-05
2024-01-08,platform,Bilibili,99,0.1983708108677465,2.069738471249134e-05
2024-01-08,platform,Instagram,89,0.1994309340422183,2.564184320112848e-05
2024-01-08,platform,RedNote,90,0.19877834992589805,1.736758797651587e-05
2024-01-08,platform,TikTok,99,0.19970136706132707,2.2123685910299033e-05
2024-01-08,platform,YouTube,98,0.19944455687264548,2.7551134055815667e-05
2024-01-15,platform,Bilibili,101,0.19955256427757767,2.4272669490865623e-05
2024-01-15,platform,Instagram,112,0.1994924519113645,2.0268703782243596e-05
2024-01-15,platform,RedNote,99,0.19911921380969566,1.9810036103365267e-05
2024-01-15,platform,TikTok,83,0.199409044681996,2.7585152284469083e-05
2024-01-15,platform,YouTube,93,0.19956223206932067,2.777133779741345e-05
2024-01-22,platform,Bilibili,104,0.1986428824754391,2.9849289663795386e-05
2024-01-22,platform,Instagram,102,0.19912745502242246,2.8051970441125722e-05
2024-01-22,platform,RedNote,94,0.19883655129439243,2.8690008272576324e-05
2024-01-22,platform,TikTok,102,0.19867114520451706,2.5111358889994224e-05
2024-01-22,platform,YouTube,99,0.19903942487910228,2.8440505416742575e-05
2024-01-29,platform,Bilibili,90,0.19885863875248952,2.6002192097678997e-05
2024-01-29,platform,Instagram,95,0.19816060068284488,2.2192852356872898e-05
2024-01-29,platform,RedNote,95,0.19890086036834018,1.9140892665178663e-05
2024-01-29,platform,TikTok,98,0.19906443291692616,2.0875327900235812e-05
2024-01-29,platform,YouTube,112,0.19944251827878295,2.2132179100542777e-05
2024-02-05,platform,Bilibili,99,0.19941446332111545,2.1756191507133478e-05
2024-02-05,platform,Instagram,108,0.19926849102950003,2.276833255615439e-05
2024-02-05,platform,RedNote,84,0.1994198931797666,2.3844418446500988e-05
2024-02-05,platform,TikTok,89,0.1989341419375809,2.3077208053556452e-05
2024-02-05,platform,YouTube,101,0.19817658781285458,2.6433966100424983e-05
2024-02-12,platform,Bilibili,100,0.19852807423667002,2.431011552843033e-05
2024-02-12,platform,Instagram,92,0.1981705446450017,2.3624769293329803e-05
2024-02-12,platform,RedNote,97,0.19921487321103887,2.2240757875001458e-05
2024-02-12,platform,TikTok,99,0.19887463461329202,2.1621551787823527e-05
2024-02-12,platform,YouTube,106,0.1995192352056618,2.602789824615476e-05
2024-02-19,platform,Bilibili,113,0.1998639530382895,2.105449706707769e-05
2024-02-19,platform,Instagram,124,0.19896893903883495,2.590222087447004e-05
2024-02-19,platform,RedNote,104,0.19827102922949416,1.85627794669632e-05
2024-02-19,platform,TikTok,111,0.19947642908279883,2.1248971263845993e-05
2024-02-19,platform,YouTube,92,0.1992877325936277,1.742684221845226e-05
2024-02-26,platform,Bilibili,119,0.19884069910846633,1.7795080320403687e-05
2024-02-26,platform,Instagram,112,0.19959138752489952,3.2627390231284804e-05
2024-02-26,platform,RedNote,86,0.19831425526609647,2.7355281556455496e-05
2024-02-26,platform,TikTok,86,0.19855070574640835,1.931370070165374e-05
2024-02-26,platform,YouTube,96,0.1993139576972518,1.883529949682295e-05
2024-03-04,platform,Bilibili,89,0.19896054917103856,2.4745828701590725e-05
2024-03-04,platform,Instagram,82,0.20017508744765253,3.081046913027093e-05
2024-03-04,platform,RedNote,113,0.19957938021744634,2.587425324413303e-05
2024-03-04,platform,TikTok,101,0.1973211439493909,2.1882220349716265e-05
2024-03-04,platform,YouTube,88,0.19888643277836116,1.6680139985236174e-05
2024-03-11,platform,Bilibili,104,0.19966364532146802,2.1595183522993507e-05
2024-03-11,platform,Instagram,96,0.19938684208995774,3.109080922829221e-05
2024-03-11,platform,RedNote,105,0.1998982453978396,2.567301795549392e-05
2024-03-11,platform,TikTok,112,0.19860106988241158,2.1355475815371392e-05
2024-03-11,platform,YouTube,110,0.1989193753117857,2.2576404055290625e-05
2024-03-18,platform,Bilibili,96,0.19983221233703763,1.854710599771856e-05
2024-03-18,platform,Instagram,114,0.19903642291737414,2.1572584394003637e-05
2024-03-18,platform,RedNote,107,0.19936338914728036,1.7666591315848798e-05
2024-03-18,platform,TikTok,94,0.19972818058842426,2.2171572681359313e-05
2024-03-18,platform,YouTube,106,0.19875263171044608,2.1833460923585224e-05
2024-03-25,platform,Bilibili,86,0.19917190671448762,2.1578134997100147e-05
2024-03-25,platform,Instagram,112,0.19904239686590902,3.1723145779122085e-05
2024-03-25,platform,RedNote,92,0.19868224432307952,1.735512295117394e-05
2024-03-25,platform,TikTok,97,0.19820240885555887,2.0783406718324578e-05
2024-03-25,platform,YouTube,98,0.19817299069265013,2.13137611885551e-05
2024-04-01,platform,Bilibili,95,0.19872344045900042,2.3770140766588396e-05
2024-04-01,platform,Instagram,100,0.19891323896317914,2.4288446239829287e-05
2024-04-01,platform,RedNote,86,0.19915825279003163,2.7679632391179665e-05
2024-04-01,platform,TikTok,105,0.19932143615401507,2.6772593467291668e-05
2024-04-01,platform,YouTube,110,0.19927587121615636,2.533739481944719e-05
2024-04-08,platform,Bilibili,99,0.199379390227001,2.042086126695051e-05
2024-04-08,platform,Instagram,95,0.19892647847758763,2.4449328212579316e-05
2024-04-08,platform,RedNote,109,0.19830110291749975,2.864311537833749e-05
2024-04-08,platform,TikTok,106,0.19834212667402434,2.9643367324979038e-05
2024-04-08,platform,YouTube,98,0.19840798691765757,2.3049366001339895e-05
2024-04-15,platform,Bilibili,104,0.19849960586084356,1.9465867437408914e-05
2024-04-15,platform,Instagram,102,0.19777661493217302,2.347926371963863e-05
2024-04-15,platform,RedNote,98,0.1998761421283607,2.881178048867232e-05
2024-04-15,platform,TikTok,104,0.19951139806432552,2.4339286010942386e-05
2024-04-15,platform,YouTube,105,0.19937932983077938,2.4893552477540076e-05
2024-04-22,platform,Bilibili,92,0.1982383015321373,2.4570439214305242e-05
2024-04-22,platform,Instagram,78,0.19989938479756278,2.6149691733869363e-05
2024-04-22,platform,RedNote,103,0.1992897281834764,2.9634309773584965e-05
2024-04-22,platform,TikTok,90,0.19821944352656498,2.3698439358793138e-05
2024-04-22,platform,YouTube,104,0.1985625170880009,2.5555335845934005e-05
2024-04-29,platform,Bilibili,85,0.19950996293254414,2.301247662100768e-05
2024-04-29,platform,Instagram,103,0.19865907011703568,2.058133428405859e-05
2024-04-29,platform,RedNote,90,0.19922074944657397,1.889247288313233e-05
2024-04-29,platform,TikTok,90,0.19892687111976054,2.520661835258568e-05
2024-04-29,platform,YouTube,116,0.1992193826927254,2.2277393854739743e-05
2024-05-06,platform,Bilibili,93,0.19886668282680459,2.7947442811891015e-05
2024-05-06,platform,Instagram,90,0.19834748771390404,2.4060268514778104e-05
2024-05-06,platform,RedNote,97,0.19888515362033216,2.438387194101493e-05
2024-05-06,platform,TikTok,77,0.19967052761127566,2.3476804047308694e-05
2024-05-06,platform,YouTube,82,0.19902048818561116,2.1709769692893763e-05
2024-05-13,platform,Bilibili,108,0.19898956958992106,2.1323035920753696e-05
2024-05-13,platform,Instagram,89,0.19960374261863467,2.018168214440619e-05
2024-05-13,platform,RedNote,113,0.19905542904250145,2.4760235821253347e-05
2024-05-13,platform,TikTok,109,0.19986441914702083,2.3877762877098022e-05
2024-05-13,platform,YouTube,103,0.19902506415863794,2.1930618335308752e-05
2024-05-20,platform,Bilibili,111,0.19914230287306284,2.0199257435469908e-05
2024-05-20,platform,Instagram,92,0.1991601377069904,2.0218375398508762e-05
2024-05-20,platform,RedNote,91,0.19972515983489844,2.109865248549908e-05
2024-05-20,platform,TikTok,94,0.19851405184698862,1.8256327258833682e-05
2024-05-20,platform,YouTube,114,0.19875395511320174,2.018302521249085e-05
2024-05-27,platform,Bilibili,109,0.19972442485657477,2.311740090676925e-05
2024-05-27,platform,Instagram,111,0.1987370443541153,2.230543596192734e-05
2024-05-27,platform,RedNote,82,0.1993130748571111,2.669771732016959e-05
2024-05-27,platform,TikTok,113,0.19925066353294923,2.2633035222386607e-05
2024-05-27,platform,YouTube,107,0.19881444918614152,1.7639540603767814e-05
2024-06-03,platform,Bilibili,103,0.19975140015530518,2.452967330748436e-05
2024-06-03,platform,Instagram,118,0.1991262843597202,2.372300001210653e-05
2024-06-03,platform,RedNote,85,0.19973935725573377,2.4715591140588868e-05
2024-06-03,platform,TikTok,101,0.19896093888960686,2.2438918279910747e-05
2024-06-03,platform,YouTube,90,0.1990104446573148,2.1136635761406897e-05
2024-06-10,platform,Bilibili,87,0.19860104101570938,2.840958702310384e-05
2024-06-10,platform,Instagram,90,0.19890089576593428,2.509230879875602e-05
2024-06-10,platform,RedNote,102,0.1992636372229326,2.3963656047484323e-05
2024-06-10,platform,TikTok,104,0.200096709374335,2.2769395733354674e-05
2024-06-10,platform,YouTube,120,0.1986551931243345,2.1113226764594284e-05
2024-06-17,platform,Bilibili,96,0.1988459941077969,2.0791797341031824e-05
2024-06-17,platform,Instagram,104,0.19865636468145695,2.6302155102289563e-05
2024-06-17,platform,RedNote,85,0.19842365997099198,2.0296584987912986e-05
2024-06-17,platform,TikTok,121,0.19902288903056042,2.4155039132235807e-05
2024-06-17,platform,YouTube,87,0.19948965325685108,2.2983797292314902e-05
2024-06-24,platform,Bilibili,105,0.19888171795385118,2.275216750770143e-05
2024-06-24,platform,Instagram,104,0.19879942287445682,2.205694909162594e-05
2024-06-24,platform,RedNote,119,0.19912152523406468,2.0750120500808384e-05
2024-06-24,platform,TikTok,120,0.19876501975559122,1.8209665748931354e-05
2024-06-24,platform,YouTube,88,0.19973757604716133,2.3732788785112784e-05
2024-07-01,platform,Bilibili,122,0.19960172885435035,2.171037095505981e-05
2024-07-01,platform,Instagram,104,0.19850729778089315,2.625901894215482e-05
2024-07-01,platform,RedNote,103,0.19885050811014612,2.283577417931152e-05
2024-07-01,platform,TikTok,87,0.19983182765789345,2.127412456017631e-05
2024-07-01,platform,YouTube,87,0.1984070373900312,2.536637291190918e-05
2024-07-08,platform,Bilibili,114,0.19909762394004588,2.320220179362879e-05
2024-07-08,platform,Instagram,95,0.19954613115806943,2.7130731997031036e-05
2024-07-08,platform,RedNote,106,0.19867890045780798,2.1501890316225644e-05
2024-07-08,platform,TikTok,102,0.1989045063161033,2.353820174835235e-05
2024-07-08,platform,YouTube,99,0.19857716600532466,2.7676736712891762e-05
2024-07-15,platform,Bilibili,105,0.19843508611525307,2.2378189715645857e-05
2024-07-15,platform,Instagram,93,0.1988583901571145,2.4617365164430918e-05
2024-07-15,platform,RedNote,104,0.19926391364790083,1.9280502857748956e-05
2024-07-15,platform,TikTok,103,0.1990150109056692,2.2250600599747553e-05
2024-07-15,platform,YouTube,104,0.19899127360932997,2.6011808041134958e-05
2024-07-22,platform,Bilibili,99,0.19954692189029005,2.389025489761604e-05
2024-07-22,platform,Instagram,93,0.19858681721499666,2.5552673631274773e-05
2024-07-22,platform,RedNote,98,0.1996967490113801,2.2265210071121598e-05
2024-07-22,platform,TikTok,96,0.19973363107020958,2.4708316312591647e-05
2024-07-22,platform,YouTube,94,0.19917982702537057,2.8612698922308148e-05
2024-07-29,platform,Bilibili,113,0.19888895337852308,2.3933354605222562e-05
2024-07-29,platform,Instagram,112,0.1992574689867311,2.6087780643151978e-05
2024-07-29,platform,RedNote,111,0.1995565877597353,2.1421629684229387e-05
2024-07-29,platform,TikTok,107,0.19860957039731258,2.635403919987086e-05
2024-07-29,platform,YouTube,111,0.19873253999099666,2.3251570312528067e-05
2024-08-05,platform,Bilibili,94,0.19929461996502612,2.2733453714067585e-05
2024-08-05,platform,Instagram,122,0.19838120669273046,2.099374738626311e-05
2024-08-05,platform,RedNote,102,0.19966320564810788,2.6416227030181065e-05
2024-08-05,platform,TikTok,94,0.19897350228833532,3.0080243096421567e-05
2024-08-05,platform,YouTube,114,0.19942248491021122,2.3505290930644162e-05
2024-08-12,platform,Bilibili,92,0.1989343214994026,2.4028978679306234e-05
2024-08-12,platform,Instagram,91,0.19902561422174328,2.3208009518073682e-05
2024-08-12,platform,RedNote,122,0.19857694102138193,2.030388959877919e-05
2024-08-12,platform,TikTok,98,0.19862653286151857,2.1013346202727927e-05
2024-08-12,platform,YouTube,101,0.19877922248311108,2.9404752148187346e-05
2024-08-19,platform,Bilibili,100,0.1993638321217755,1.946500163611912e-05
2024-08-19,platform,Instagram,110,0.19900501437736592,2.5588729600579096e-05
2024-08-19,platform,RedNote,105,0.19883525600060287,2.8416711781045017e-05
2024-08-19,platform,TikTok,102,0.1983561274051461,2.4740550544347467e-05
2024-08-19,platform,YouTube,107,0.1995847874621533,2.7492567379180396e-05
2024-08-26,platform,Bilibili,110,0.19970263477987346,2.1985459873025074e-05
2024-08-26,platform,Instagram,106,0.1992542800676185,2.2252179976194392e-05
2024-08-26,platform,RedNote,120,0.1999677881751393,2.145053649786303e-05
2024-08-26,platform,TikTok,94,0.19869806359867212,3.0196217386604642e-05
2024-08-26,platform,YouTube,118,0.1993599597624384,2.4357411200452114e-05
2024-09-02,platform,Bilibili,101,0.1996304495363256,2.6101450611052445e-05
2024-09-02,platform,Instagram,104,0.1989885165563912,2.741337794715298e-05
2024-09-02,platform,RedNote,108,0.2005968309180991,2.820719566131045e-05
2024-09-02,platform,TikTok,94,0.19893481774887525,2.9192301256842024e-05
2024-09-02,platform,YouTube,105,0.19897079553060826,2.730571310819859e-05
2024-09-09,platform,Bilibili,96,0.1988788934359436,2.3522612794007516e-05
2024-09-09,platform,Instagram,99,0.19926883511469362,3.401508494263367e-05
2024-09-09,platform,RedNote,113,0.19887158819232975,1.7143904918957803e-05
2024-09-09,platform,TikTok,106,0.19905930890443357,1.96267262406627e-05
2024-09-09,platform,YouTube,96,0.1992441473636828,2.045662271279503e-05
2024-09-16,platform,Bilibili,109,0.19862873700297418,1.7972991138565382e-05
2024-09-16,platform,Instagram,115,0.19937789629321287,2.4436847735595397e-05
2024-09-16,platform,RedNote,80,0.19913768536215404,1.8639426730565423e-05
2024-09-16,platform,TikTok,111,0.19862200363289,2.6387074254803684e-05
2024-09-16,platform,YouTube,92,0.1977725797624347,2.41437865485559e-05
2024-09-23,platform,Bilibili,91,0.20002817545246318,2.704022419600616e-05
2024-09-23,platform,Instagram,95,0.19834021492085313,2.4055936059574256e-05
2024-09-23,platform,RedNote,83,0.1982484271719354,2.104057060040607e-05
2024-09-23,platform,TikTok,93,0.1989567239052755,2.1614458965806695e-05
2024-09-23,platform,YouTube,91,0.19855848059123546,2.3643078801845546e-05
2024-09-30,platform,Bilibili,101,0.19867364042235397,2.5337512813259215e-05
2024-09-30,platform,Instagram,98,0.19970916116982107,2.2565020387686875e-05
2024-09-30,platform,RedNote,115,0.19895578664516417,2.674435040677011e-05
2024-09-30,platform,TikTok,97,0.19810472980622892,2.0633679246629612e-05
2024-09-30,platform,YouTube,96,0.1986152555267681,3.067382447249398e-05
2024-10-07,platform,Bilibili,92,0.19917480205073126,2.401854961319152e-05
2024-10-07,platform,Instagram,114,0.19887540011218263,1.805871503621512e-05
2024-10-07,platform,RedNote,93,0.198975389717708,2.1395052906672323e-05
2024-10-07,platform,TikTok,100,0.1991009383666359,2.4343288508530038e-05
2024-10-07,platform,YouTube,96,0.19816544645353606,2.3879261850312866e-05
2024-10-14,platform,Bilibili,108,0.1993888003815664,2.0636700074319357e-05
2024-10-14,platform,Instagram,94,0.1977724025795425,2.7779905219874288e-05
2024-10-14,platform,RedNote,104,0.198822848314645,2.387948262763433e-05
2024-10-14,platform,TikTok,110,0.1982918123826302,2.1056790681495903e-05
2024-10-14,platform,YouTube,98,0.19960666275469177,2.7732310806509664e-05
2024-10-21,platform,Bilibili,100,0.19887397033461976,2.5858907810742434e-05
2024-10-21,platform,Instagram,87,0.19951273041411682,2.66784276879273e-05
2024-10-21,platform,RedNote,89,0.1992057339489931,2.2346583995183588e-05
2024-10-21,platform,TikTok,108,0.19878594967600255,3.206719445171009e-05
2024-10-21,platform,YouTube,102,0.1992178275702053,2.717485735853408e-05
2024-10-28,platform,Bilibili,77,0.1986645202434644,2.4387584720664535e-05
2024-10-28,platform,Instagram,116,0.19929440478470506,2.7405631882027923e-05
2024-10-28,platform,RedNote,97,0.1995285609147427,2.2384715889760908e-05
2024-10-28,platform,TikTok,111,0.19888657180641414,2.116953005702779e-05
2024-10-28,platform,YouTube,114,0.1992239176781914,1.945031421013896e-05
2024-11-04,platform,Bilibili,107,0.19896700331900954,2.641140505685935e-05
2024-11-04,platform,Instagram,95,0.19880495024774955,2.073949877295063e-05
2024-11-04,platform,RedNote,91,0.19903185334105272,1.837447087907638e-05
2024-11-04,platform,TikTok,83,0.19932111929378998,1.9403270435099367e-05
2024-11-04,platform,YouTube,96,0.19903921340042816,2.0680538435843344e-05
2024-11-11,platform,Bilibili,100,0.19941829712412992,2.468803796401671e-05
2024-11-11,platform,Instagram,91,0.19890804570824197,2.6605007621690958e-05
2024-11-11,platform,RedNote,95,0.1999018819740711,3.179074605916032e-05
2024-11-11,platform,TikTok,100,0.19897182128444085,2.5591966801238133e-05
2024-11-11,platform,YouTube,112,0.199451468727327,2.5502932739750475e-05
2024-11-18,platform,Bilibili,94,0.19875553115378955,2.5378478224150008e-05
2024-11-18,platform,Instagram,85,0.19940540393618872,2.7902609492333588e-05
2024-11-18,platform,RedNote,107,0.19908345418911771,2.2611175431162602e-05
2024-11-18,platform,TikTok,108,0.198506202030139,2.5224819278517743e-05
2024-11-18,platform,YouTube,112,0.19840475167606236,2.324668430810413e-05
2024-11-25,platform,Bilibili,102,0.19864954038820437,2.3637908897464247e-05
2024-11-25,platform,Instagram,109,0.1989510861380781,2.6653773322133418e-05
2024-11-25,platform,RedNote,91,0.1988159154773698,2.5759006944147096e-05
2024-11-25,platform,TikTok,113,0.1997801411306048,2.145619664266252e-05
2024-11-25,platform,YouTube,90,0.2000849484694048,2.4096987681614715e-05
2024-12-02,platform,Bilibili,97,0.19945893250389093,3.444531237550235e-05
2024-12-02,platform,Instagram,95,0.19920723684486932,2.6278731847541043e-05
2024-12-02,platform,RedNote,98,0.1991782917314506,2.8778605671491227e-05
2024-12-02,platform,TikTok,102,0.19891611152183641,2.6088991007764835e-05
2024-12-02,platform,YouTube,96,0.19976396947731564,1.6356824056277036e-05
2024-12-09,platform,Bilibili,110,0.19870144085047872,2.724550522667788e-05
2024-12-09,platform,Instagram,128,0.19895908509566126,2.7466071221110848e-05
2024-12-09,platform,RedNote,100,0.20014836416305484,2.3806608616982287e-05
2024-12-09,platform,TikTok,127,0.19983857048934187,2.2773056698332434e-05
2024-12-09,platform,YouTube,97,0.19896294790826613,2.7701773710479367e-05
2024-12-16,platform,Bilibili,106,0.19891949240028686,2.184850739562574e-05
2024-12-16,platform,Instagram,93,0.1996861150294268,1.83325926999577e-05
2024-12-16,platform,RedNote,97,0.19841961282812517,2.0879049274786943e-05
2024-12-16,platform,TikTok,109,0.19865075900722842,2.224539296513998e-05
2024-12-16,platform,YouTube,99,0.1993166024086471,1.947360675214183e-05
2024-12-23,platform,Bilibili,85,0.19920573438549508,2.401688280351092e-05
2024-12-23,platform,Instagram,92,0.1992043591280439,2.1564062729665675e-05
2024-12-23,platform,RedNote,120,0.19901747479757667,2.2247502180209162e-05
2024-12-23,platform,TikTok,85,0.19902383588270445,2.8010164210332782e-05
2024-12-23,platform,YouTube,107,0.19885830221340847,2.142549257346784e-05
2024-12-30,platform,Bilibili,112,0.19973144413668692,2.0183334006905246e-05
2024-12-30,platform,Instagram,88,0.19888901818212232,2.839704752536346e-05
2024-12-30,platform,RedNote,108,0.19900779466786614,2.1329401979944782e-05
2024-12-30,platform,TikTok,80,0.19946269338475564,1.9334930653460934e-05
2024-12-30,platform,YouTube,79,0.19905306815532128,2.39904933029309e-05
2025-01-06,platform,Bilibili,100,0.19964022893979652,2.5545234747087705e-05
2025-01-06,platform,Instagram,96,0.19798891274909972,2.242406807448655e-05
2025-01-06,platform,RedNote,95,0.1992694333046571,2.761372279173971e-05
2025-01-06,platform,TikTok,103,0.19978944225860312,1.959387287473628e-05
2025-01-06,platform,YouTube,87,0.1997244080308231,2.0956574560288606e-05
2025-01-13,platform,Bilibili,91,0.19927434465133984,1.790815210976871e-05
2025-01-13,platform,Instagram,81,0.19803692635311118,2.43707167203355e-05
2025-01-13,platform,RedNote,89,0.19867724853503269,2.2568609779522426e-05
2025-01-13,platform,TikTok,96,0.19937911172990078,2.2884916642289528e-05
2025-01-13,platform,YouTube,95,0.19913829350219547,2.714910266801626e-05
2025-01-20,platform,Bilibili,90,0.1995945398400589,3.215807599380931e-05
2025-01-20,platform,Instagram,100,0.19922983941559494,2.662339042735204e-05
2025-01-20,platform,RedNote,91,0.19835704066740892,2.6168395116598603e-05
2025-01-20,platform,TikTok,103,0.1987555296591954,2.8709525359165756e-05
2025-01-20,platform,YouTube,105,0.19963530774486213,2.4913983383540035e-05
2025-01-27,platform,Bilibili,91,0.1997276163257666,2.2728186000702386e-05
2025-01-27,platform,Instagram,104,0.1985574872117089,2.3052935913311886e-05
2025-01-27,platform,RedNote,98,0.19845320665307456,2.4646281086640753e-05
2025-01-27,platform,TikTok,99,0.1993766994554099,2.4198464343398467e-05
2025-01-27,platform,YouTube,107,0.19880836327097462,2.6297768478715158e-05
2025-02-03,platform,Bilibili,103,0.19898539472958704,2.6326165316940687e-05
2025-02-03,platform,Instagram,87,0.19903036653313674,3.007937151046172e-05
2025-02-03,platform,RedNote,101,0.1993765138135942,2.993238934093172e-05
2025-02-03,platform,TikTok,102,0.19969060953760084,2.5095227490007344e-05
2025-02-03,platform,YouTube,101,0.19880028386602305,2.100698375291682e-05
2025-02-10,platform,Bilibili,101,0.19916848995818442,2.2315441755373383e-05
2025-02-10,platform,Instagram,108,0.19928097099404082,2.7684534022661342e-05
2025-02-10,platform,RedNote,81,0.19975646417966023,2.5246998218757546e-05
2025-02-10,platform,TikTok,78,0.19904451035841175,2.086646748903101e-05
2025-02-10,platform,YouTube,91,0.1990499492314203,2.087041053875355e-05
2025-02-17,platform,Bilibili,102,0.19859373004924494,2.1113206072234004e-05
2025-02-17,platform,Instagram,110,0.199445913027904,1.8413070859124694e-05
2025-02-17,platform,RedNote,94,0.1982593779414344,2.6061640267986128e-05
2025-02-17,platform,TikTok,97,0.19892421908194274,2.381890730986836e-05
2025-02-17,platform,YouTube,92,0.19890062480655538,3.0310385647511656e-05
2025-02-24,platform,Bilibili,107,0.19878930936924097,2.4314565837603645e-05
2025-02-24,platform,Instagram,93,0.19988223744244638,2.501638707316725e-05
2025-02-24,platform,RedNote,104,0.19946300483074572,2.1824484322489435e-05
2025-02-24,platform,TikTok,89,0.1991849190879489,2.0261952607896724e-05
2025-02-24,platform,YouTube,96,0.1985640729857985,2.5176080040242996e-05
2025-03-03,platform,Bilibili,98,0.19803033044748114,2.2750148739278446e-05
2025-03-03,platform,Instagram,101,0.1999392767074048,1.8256858047650753e-05
2025-03-03,platform,RedNote,94,0.19814978039858241,2.259817813560131e-05
2025-03-03,platform,TikTok,108,0.19837252918349962,2.601587764917501e-05
2025-03-03,platform,YouTube,121,0.19921743074636789,2.4508680813961305e-05
2025-03-10,platform,Bilibili,108,0.19901802612791966,2.2614860082838524e-05
2025-03-10,platform,Instagram,87,0.1985559674917544,2.0433588936207665e-05
2025-03-10,platform,RedNote,95,0.1988747653008128,2.5970619376115826e-05
2025-03-10,platform,TikTok,71,0.1989403845961171,2.7887840459860872e-05
2025-03-10,platform,YouTube,83,0.1991420398898618,2.199184246781709e-05
2025-03-17,platform,Bilibili,110,0.19802666769496852,2.407448903992613e-05
2025-03-17,platform,Instagram,88,0.199160338886053,1.9054106820913813e-05
2025-03-17,platform,RedNote,113,0.1985056208570848,2.2081184389406417e-05
2025-03-17,platform,TikTok,98,0.19919789965623697,1.668031653973468e-05
2025-03-17,platform,YouTube,102,0.19885962861577164,2.4884598591603975e-05
2025-03-24,platform,Bilibili,97,0.19842925997088404,2.6466033957170057e-05
2025-03-24,platform,Instagram,99,0.19925527457187264,2.43156641896512e-05
2025-03-24,platform,RedNote,106,0.19993751235941748,3.098697655492189e-05
2025-03-24,platform,TikTok,105,0.19888452873521778,2.6247234218516928e-05
2025-03-24,platform,YouTube,119,0.1985676432054314,2.2715951988555954e-05
2025-03-31,platform,Bilibili,87,0.19861360005479306,2.1095994685242644e-05
2025-03-31,platform,Instagram,89,0.19914845675863083,2.840292170934932e-05
2025-03-31,platform,RedNote,96,0.1991466618630758,2.6866778139899077e-05
2025-03-31,platform,TikTok,112,0.19853758441550098,2.007320047117237e-05
2025-03-31,platform,YouTube,98,0.19863777350816653,2.642135527032885e-05
2025-04-07,platform,Bilibili,116,0.19946196139781258,2.3717245206561805e-05
2025-04-07,platform,Instagram,95,0.1983961114111023,2.415472492264114e-05
2025-04-07,platform,RedNote,99,0.19914185349951674,2.2634387728947148e-05
2025-04-07,platform,TikTok,99,0.1986045157658999,2.4226268601309267e-05
2025-04-07,platform,YouTube,90,0.19783256704943028,2.1384550520579295e-05
2025-04-14,platform,Bilibili,114,0.1992870231168318,3.153743157101733e-05
2025-04-14,platform,Instagram,103,0.19852159294227548,2.2361884976679637e-05
2025-04-14,platform,RedNote,90,0.19946830234694662,1.996060886911725e-05
2025-04-14,platform,TikTok,109,0.19845187720348414,2.5391956680199488e-05
2025-04-14,platform,YouTube,116,0.19903654696625595,2.151022611570399e-05
2025-04-21,platform,Bilibili,104,0.19822016860968614,2.135946516566657e-05
2025-04-21,platform,Instagram,91,0.19917007829707148,2.26496733383525e-05
2025-04-21,platform,RedNote,104,0.19950124991778323,2.1862089002060267e-05
2025-04-21,platform,TikTok,97,0.19976234336037701,2.6140870195776636e-05
2025-04-21,platform,YouTube,114,0.20018228225671234,2.166039223255406e-05
2025-04-28,platform,Bilibili,99,0.19887952990866242,2.156862830299883e-05
2025-04-28,platform,Instagram,92,0.19934947780962559,1.9163788020702026e-05
2025-04-28,platform,RedNote,98,0.198616845601288,2.1454882300123242e-05
2025-04-28,platform,TikTok,95,0.19927591956648977,2.7308313623137365e-05
2025-04-28,platform,YouTube,95,0.19941014575464877,1.988867738075807e-05
2025-05-05,platform,Bilibili,99,0.19940357322920707,2.6519609537824953e-05
2025-05-05,platform,Instagram,96,0.1989858034713374,2.354525496698701e-05
2025-05-05,platform,RedNote,97,0.19960403022209575,1.910849516759156e-05
2025-05-05,platform,TikTok,101,0.19908492605351305,2.086996964295136e-05
2025-05-05,platform,YouTube,97,0.20030635139833908,2.0318494532345407e-05
2025-05-12,platform,Bilibili,88,0.19810637141443754,2.0396966484482505e-05
2025-05-12,platform,Instagram,120,0.19909019976309686,2.3195790115567266e-05
2025-05-12,platform,RedNote,98,0.19947001081527513,3.0454160930092508e-05
2025-05-12,platform,TikTok,118,0.19841617963718228,2.443224655602927e-05
2025-05-12,platform,YouTube,116,0.199433132138639,2.7305054182287072e-05
2025-05-19,platform,Bilibili,98,0.2000364588131414,2.2621254015617198e-05
2025-05-19,platform,Instagram,93,0.1991834069310951,2.4025038227072144e-05
2025-05-19,platform,RedNote,99,0.19901717877692174,3.0930192610762216e-05
2025-05-19,platform,TikTok,103,0.1985570667681427,2.347249506309947e-05
2025-05-19,platform,YouTube,105,0.19904243492797002,2.0594166834781114e-05
2025-05-26,platform,Bilibili,36,0.19771196984530048,2.132541900121098e-05
2025-05-26,platform,Instagram,37,0.19883430893897672,2.2436390607171008e-05
2025-05-26,platform,RedNote,32,0.19962882025121856,1.9067482015514683e-05
2025-05-26,platform,TikTok,32,0.19993828727180038,1.4694545860000865e-05
2025-05-26,platform,YouTube,44,0.19821957866236461,2.521180976195938e-05
2023-05-29,content_type,image,89,0.19966637446010785,2.3954180212576895e-05
2023-05-29,content_type,mixed,50,0.1990214660128106,2.4146289851390115e-05
2023-05-29,content_type,text,52,0.19899868875955742,2.2262165402941944e-05
2023-05-29,content_type,video,289,0.1988763651288214,2.0072685038723884e-05
2023-06-05,content_type,image,95,0.19852543263892802,2.5349691679808146e-05
2023-06-05,content_type,mixed,54,0.19904782932826157,3.0114539988799708e-05
2023-06-05,content_type,text,47,0.1993359801569025,2.511507854697825e-05
2023-06-05,content_type,video,300,0.19919096626654198,2.814236762983019e-05
2023-06-12,content_type,image,104,0.19926968516793617,1.9523982305352164e-05
2023-06-12,content_type,mixed,53,0.19915508473275964,3.123310924482442e-05
2023-06-12,content_type,text,54,0.19895105142742744,2.5074438123555695e-05
2023-06-12,content_type,video,304,0.1991247922161609,2.345044513957651e-05
2023-06-19,content_type,image,106,0.19913187551261985,2.109702774972337e-05
2023-06-19,content_type,mixed,44,0.20009068441822614,2.501862235232998e-05
2023-06-19,content_type,text,62,0.19874970243873577,3.0401573859511626e-05
2023-06-19,content_type,video,334,0.199018952959733,2.5380667031345205e-05
2023-06-26,content_type,image,94,0.19911247452409556,2.2625328753185412e-05
2023-06-26,content_type,mixed,52,0.19935181116302791,3.871369936226562e-05
2023-06-26,content_type,text,52,0.19831343242326283,1.964401965125777e-05
2023-06-26,content_type,video,328,0.19860171979216545,2.6125475873433315e-05
2023-07-03,content_type,image,95,0.19961257956847536,2.5633511811173012e-05
2023-07-03,content_type,mixed,52,0.19994807540817516,2.6020287662913165e-05
2023-07-03,content_type,text,44,0.2010004197348327,2.732052760538599e-05
2023-07-03,content_type,video,309,0.19928114356638726,2.3983747558591172e-05
2023-07-10,content_type,image,72,0.2006701530754143,2.152231884866015e-05
2023-07-10,content_type,mixed,64,0.19893158966075866,2.3519151112822298e-05
2023-07-10,content_type,text,50,0.19836488141009959,1.8117360787847876e-05
2023-07-10,content_type,video,309,0.1995485104726729,2.6041340886670617e-05
2023-07-17,content_type,image,86,0.19867397412901697,2.481470891198314e-05
2023-07-17,content_type,mixed,52,0.1987597708401749,1.964488852854239e-05
2023-07-17,content_type,text,56,0.19836909530745725,2.1765642199007127e-05
2023-07-17,content_type,video,328,0.19853760141677337,2.2428299787008544e-05
2023-07-24,content_type,image,92,0.19829369858403317,2.430652721943171e-05
2023-07-24,content_type,mixed,52,0.20025142018363723,2.8203700645479918e-05
2023-07-24,content_type,text,43,0.20038936194071266,1.7811072252212388e-05
2023-07-24,content_type,video,310,0.19893510487548918,2.556723137121692e-05
2023-07-31,content_type,image,117,0.19926234728123818,3.0757763511619404e-05
2023-07-31,content_type,mixed,61,0.1986350706526105,1.974454257005824e-05
2023-07-31,content_type,text,60,0.1999851222247127,2.4031139648688298e-05
2023-07-31,content_type,video,294,0.19869113801677082,2.041340541428622e-05
2023-08-07,content_type,image,84,0.19880794279893813,1.9229727069119268e-05
2023-08-07,content_type,mixed,42,0.19902077008233468,1.9662799130291863e-05
2023-08-07,content_type,text,40,0.19875465531540049,3.361346889475109e-05
2023-08-07,content_type,video,302,0.19824264139237485,2.3514809765916314e-05
2023-08-14,content_type,image,103,0.19960576522678805,1.808884792581827e-05
2023-08-14,content_type,mixed,43,0.19887644329233925,2.234211898392183e-05
2023-08-14,content_type,text,54,0.19937786993413922,2.3877233767046104e-05
2023-08-14,content_type,video,315,0.1985719872234429,2.4560271808417925e-05
2023-08-21,content_type,image,90,0.19929063725600357,2.0851161861895605e-05
2023-08-21,content_type,mixed,52,0.1989937994544012,1.691332835636351e-05
2023-08-21,content_type,text,60,0.1996368764029542,2.5956579501450455e-05
2023-08-21,content_type,video,296,0.19912771343227187,2.3805783499667834e-05
2023-08-28,content_type,image,92,0.19935618676621966,2.838364518546878e-05
2023-08-28,content_type,mixed,38,0.19959106338383692,1.9541929254806172e-05
2023-08-28,content_type,text,46,0.19901695837189481,1.56485168395398e-05
2023-08-28,content_type,video,316,0.19916020451944477,2.322102726369302e-05
2023-09-04,content_type,image,109,0.19817721919908432,2.7865991727931376e-05
2023-09-04,content_type,mixed,42,0.19898699345560705,2.5439291784280905e-05
2023-09-04,content_type,text,44,0.19888949772402711,2.804783674240574e-05
2023-09-04,content_type,video,294,0.19915829005684135,2.0725566071200316e-05
2023-09-11,content_type,image,88,0.19863348117471855,2.1062236032199895e-05
2023-09-11,content_type,mixed,43,0.19818526299354755,2.949113715780891e-05
2023-09-11,content_type,text,51,0.19997497265151012,2.04538077715717e-05
2023-09-11,content_type,video,297,0.19907008991643213,2.5530476120679335e-05
2023-09-18,content_type,image,103,0.19942306459975778,2.8778411387794796e-05
2023-09-18,content_type,mixed,49,0.19836811530690543,2.4646658596138398e-05
2023-09-18,content_type,text,47,0.19934274057667667,2.69134082199856e-05
2023-09-18,content_type,video,291,0.19942200302080093,2.3442271880206757e-05
2023-09-25,content_type,image,86,0.19871104179587676,2.433802767316077e-05
2023-09-25,content_type,mixed,48,0.1994259419928529,1.9310382545091073e-05
2023-09-25,content_type,text,52,0.19927714138614422,2.218219875349092e-05
2023-09-25,content_type,video,316,0.1990996152497229,2.4522043483364357e-05
2023-10-02,content_type,image,114,0.19820410016100715,2.366946687920527e-05
2023-10-02,content_type,mixed,55,0.19818612521918308,1.538432047744978e-05
2023-10-02,content_type,text,47,0.19898153885652137,2.5474147970713363e-05
2023-10-02,content_type,video,271,0.1990320588313012,2.1083592275726843e-05
2023-10-09,content_type,image,91,0.19996077259373685,2.2396482369728925e-05
2023-10-09,content_type,mixed,51,0.1992807285642047,2.397710000150497e-05
2023-10-09,content_type,text,48,0.19951964606950023,2.6630492199894778e-05
2023-10-09,content_type,video,286,0.19894015139808752,2.4022926471062325e-05
2023-10-16,content_type,image,104,0.19899271425281373,2.0962748447376148e-05
2023-10-16,content_type,mixed,54,0.19937513753278988,1.9822444545855203e-05
2023-10-16,content_type,text,49,0.1983746602858106,2.472115451628626e-05
2023-10-16,content_type,video,298,0.19887172484041854,2.5640848247085116e-05
2023-10-23,content_type,image,114,0.19892967411416834,2.4554225229516247e-05
2023-10-23,content_type,mixed,51,0.1996199841904681,2.0219831406124218e-05
2023-10-23,content_type,text,45,0.19910420830808298,2.2961561706100577e-05
2023-10-23,content_type,video,301,0.1991791910296933,2.1779045884224303e-05
2023-10-30,content_type,image,97,0.19919185147375446,2.6015376115641972e-05
2023-10-30,content_type,mixed,56,0.19929086595959594,2.736599133265591e-05
2023-10-30,content_type,text,50,0.19909892160535644,1.6391971753455253e-05
2023-10-30,content_type,video,307,0.1988151300287142,2.3878525633949836e-05
2023-11-06,content_type,image,97,0.19939090766363515,1.9170095972173457e-05
2023-11-06,content_type,mixed,52,0.20066804731100868,2.2931179000828328e-05
2023-11-06,content_type,text,47,0.19916056446788716,2.114688297556686e-05
2023-11-06,content_type,video,314,0.19886817173927504,2.180601367203785e-05
2023-11-13,content_type,image,95,0.1990269290219114,1.827053740555758e-05
2023-11-13,content_type,mixed,42,0.20065609409685126,1.6753310153787446e-05
2023-11-13,content_type,text,49,0.19921219077936034,2.7964874322168242e-05
2023-11-13,content_type,video,315,0.1990991373902827,2.40036102157143e-05
2023-11-20,content_type,image,102,0.19921185324696508,2.0983262728690202e-05
2023-11-20,content_type,mixed,59,0.20008649695616396,2.361255035738297e-05
2023-11-20,content_type,text,40,0.1984355655915329,1.8713027124673606e-05
2023-11-20,content_type,video,306,0.19913932297818757,1.997296369086535e-05
2023-11-27,content_type,image,94,0.19907859918840046,2.9987815813965952e-05
2023-11-27,content_type,mixed,48,0.1986939559697026,2.7156543708235676e-05
2023-11-27,content_type,text,37,0.19871537201937414,2.5398015850941494e-05
2023-11-27,content_type,video,303,0.1987231636598146,2.378817242050107e-05
2023-12-04,content_type,image,89,0.19884197500450992,2.4907338557579148e-05
2023-12-04,content_type,mixed,40,0.20013259351193477,1.813433350304593e-05
2023-12-04,content_type,text,47,0.1983324873402771,2.6780099093764408e-05
2023-12-04,content_type,video,304,0.19937628203473481,2.248523066648385e-05
2023-12-11,content_type,image,102,0.19952302349516937,2.246152739183302e-05
2023-12-11,content_type,mixed,56,0.19877996083699861,2.8176101915298005e-05
2023-12-11,content_type,text,44,0.1988572821856441,2.1145178799805675e-05
2023-12-11,content_type,video,305,0.19927267933742637,2.5858299285439868e-05
2023-12-18,content_type,image,92,0.19908539664865613,2.378117835712257e-05
2023-12-18,content_type,mixed,52,0.1997512864481003,1.6812312915019658e-05
2023-12-18,content_type,text,54,0.19988310951599997,2.3660260265467043e-05
2023-12-18,content_type,video,296,0.1995031592645244,2.429967255047363e-05
2023-12-25,content_type,image,98,0.1984991621381914,2.0472708882695884e-05
2023-12-25,content_type,mixed,47,0.19792881287503236,2.464786994269037e-05
2023-12-25,content_type,text,45,0.1989050653522356,1.816889061911632e-05
2023-12-25,content_type,video,304,0.1991331751456941,2.144648513728296e-05
2024-01-01,content_type,image,97,0.19864334605393924,2.704486333292316e-05
2024-01-01,content_type,mixed,50,0.1987394936867686,1.9152257731433704e-05
2024-01-01,content_type,text,54,0.19958152547429406,1.9600092160977873e-05
2024-01-01,content_type,video,326,0.19932412358392598,2.418331725242874e-05
2024-01-08,content_type,image,97,0.19976089967280283,2.8753522053209233e-05
2024-01-08,content_type,mixed,41,0.1981041591918154,2.782018688555441e-05
2024-01-08,content_type,text,54,0.19807464261216876,1.7800230548541913e-05
2024-01-08,content_type,video,283,0.19928978203322392,2.0651438705769916e-05
2024-01-15,content_type,image,102,0.19935082581173966,2.2432952823201196e-05
2024-01-15,content_type,mixed,51,0.20041073904017423,2.579394280171333e-05
2024-01-15,content_type,text,45,0.19876037416987857,2.0306950868825398e-05
2024-01-15,content_type,video,290,0.19938639759596435,2.3976632628257894e-05
2024-01-22,content_type,image,73,0.19862806391893803,3.240975346771426e-05
2024-01-22,content_type,mixed,62,0.19870540841251394,3.1592053920103854e-05
2024-01-22,content_type,text,53,0.19873125220207966,3.2176439123278584e-05
2024-01-22,content_type,video,313,0.19896969818188162,2.5559432260711817e-05
2024-01-29,content_type,image,85,0.19863611943398415,2.3704361443678988e-05
2024-01-29,content_type,mixed,60,0.19961164578495885,2.4004984318420167e-05
2024-01-29,content_type,text,54,0.19909561468927628,1.8878060462990847e-05
2024-01-29,content_type,video,291,0.19880433219402746,2.17924800909811e-05
2024-02-05,content_type,image,98,0.1989605190670873,2.4847288259460895e-05
2024-02-05,content_type,mixed,53,0.19878543495709458,1.8945249394393387e-05
2024-02-05,content_type,text,46,0.19938189000418316,2.9840860551481534e-05
2024-02-05,content_type,video,284,0.19904911291241847,2.3257587979565702e-05
2024-02-12,content_type,image,101,0.19892310100278232,2.4087887627711145e-05
2024-02-12,content_type,mixed,60,0.19874332481680998,1.784351372805872e-05
2024-02-12,content_type,text,47,0.1988761311982408,2.9316695306043347e-05
2024-02-12,content_type,video,286,0.19889145851184287,2.4017278685504233e-05
2024-02-19,content_type,image,110,0.1990317250520724,2.02429628071517e-05
2024-02-19,content_type,mixed,40,0.19937949827775303,1.7843258763847252e-05
2024-02-19,content_type,text,36,0.19848425219169247,1.9957345116190016e-05
2024-02-19,content_type,video,358,0.1992715487013269,2.2154318323379173e-05
2024-02-26,content_type,image,103,0.19875060124877708,2.6121857318494848e-05
2024-02-26,content_type,mixed,46,0.19872523717026663,1.7996070136266124e-05
2024-02-26,content_type,text,44,0.1999865567169767,2.378100072993428e-05
2024-02-26,content_type,video,306,0.19891739819838086,2.306722568255484e-05
2024-03-04,content_type,image,105,0.19893116419506096,3.0023159700741042e-05
2024-03-04,content_type,mixed,47,0.19786582143424633,3.067860461815842e-05
2024-03-04,content_type,text,51,0.19813238519843657,1.6328787042846172e-05
2024-03-04,content_type,video,270,0.19930940793286814,2.2945876006123687e-05
2024-03-11,content_type,image,106,0.19879649073798186,2.6398099997251118e-05
2024-03-11,content_type,mixed,47,0.20069645072342246,2.738713155598345e-05
2024-03-11,content_type,text,60,0.19959283599351893,2.707669926085924e-05
2024-03-11,content_type,video,314,0.199169399586402,2.2504005142013656e-05
2024-03-18,content_type,image,96,0.1997191691876252,2.011360513522812e-05
2024-03-18,content_type,mixed,55,0.1993974819799915,2.3702648689509268e-05
2024-03-18,content_type,text,61,0.19872514819639056,1.979769863497468e-05
2024-03-18,content_type,video,305,0.19929842420138705,2.0049980121476405e-05
2024-03-25,content_type,image,87,0.19867578073623104,2.24306824062424e-05
2024-03-25,content_type,mixed,43,0.1982224957309441,2.2352285123633127e-05
2024-03-25,content_type,text,49,0.1994376741086241,3.295053609344505e-05
2024-03-25,content_type,video,306,0.1985819587556036,2.160875964530207e-05
2024-04-01,content_type,image,80,0.19854870636954466,2.104321034759635e-05
2024-04-01,content_type,mixed,49,0.19964293517386064,3.101560731140723e-05
2024-04-01,content_type,text,64,0.19908934105965023,2.6033432476211215e-05
2024-04-01,content_type,video,303,0.19913742227364387,2.5606578293173834e-05
2024-04-08,content_type,image,105,0.1989251892630211,2.2288538874348e-05
2024-04-08,content_type,mixed,49,0.1982055770746394,2.3264072652179763e-05
2024-04-08,content_type,text,40,0.19915565987706121,1.953978775839826e-05
2024-04-08,content_type,video,313,0.1985757153574167,2.7576751750988677e-05
2024-04-15,content_type,image,96,0.19842577707613054,2.6462774451170326e-05
2024-04-15,content_type,mixed,57,0.1993318932128772,2.8625344487266754e-05
2024-04-15,content_type,text,59,0.19931666830324543,2.7584979568898448e-05
2024-04-15,content_type,video,301,0.19906503239128373,2.2670702232534598e-05
2024-04-22,content_type,image,112,0.19884978358132235,2.9333719837831444e-05
2024-04-22,content_type,mixed,57,0.19980057605871615,2.73244847196686e-05
2024-04-22,content_type,text,35,0.19902223219528722,2.0576667034296952e-05
2024-04-22,content_type,video,263,0.19856115106204394,2.5335127768318133e-05
2024-04-29,content_type,image,95,0.19987546614933896,2.3883359663418424e-05
2024-04-29,content_type,mixed,52,0.1995052493388706,1.7415189041831785e-05
2024-04-29,content_type,text,56,0.1988408488231661,1.9905198816893416e-05
2024-04-29,content_type,video,281,0.19880937911295873,2.2278140033274523e-05
2024-05-06,content_type,image,85,0.199050874041393,2.3091817616948734e-05
2024-05-06,content_type,mixed,47,0.20037862718338884,2.0544603887267437e-05
2024-05-06,content_type,text,44,0.19810111005696662,3.183935620235379e-05
2024-05-06,content_type,video,263,0.19877748038768267,2.396959794476059e-05
2024-05-13,content_type,image,109,0.1987295205705344,2.4663331431647678e-05
2024-05-13,content_type,mixed,47,0.1999116186745369,2.075665033169681e-05
2024-05-13,content_type,text,53,0.1997247828942243,1.7553629666472835e-05
2024-05-13,content_type,video,313,0.19933193633435214,2.282094859714995e-05
2024-05-20,content_type,image,99,0.19896535989013997,1.7606543839392496e-05
2024-05-20,content_type,mixed,49,0.19902264822682222,2.2633749867316e-05
2024-05-20,content_type,text,50,0.20010262219431657,2.06036768790191e-05
2024-05-20,content_type,video,304,0.19890124370887108,2.0248876166325202e-05
2024-05-27,content_type,image,109,0.19931665261499626,2.2386363559553345e-05
2024-05-27,content_type,mixed,53,0.19809580725949594,2.554788896024754e-05
2024-05-27,content_type,text,61,0.19921188620115213,2.4463447280694303e-05
2024-05-27,content_type,video,299,0.19928227235798932,2.116219955103018e-05
2024-06-03,content_type,image,95,0.19946700819542706,2.2446204497994986e-05
2024-06-03,content_type,mixed,56,0.20003466114860366,2.7839544386286113e-05
2024-06-03,content_type,text,50,0.19901554365158586,2.230019829512798e-05
2024-06-03,content_type,video,296,0.19916571621190116,2.292477126184958e-05
2024-06-10,content_type,image,107,0.20037534770774512,2.5973464362709533e-05
2024-06-10,content_type,mixed,53,0.19925327483221725,2.259932474166434e-05
2024-06-10,content_type,text,52,0.19920611541577452,2.1210630581676202e-05
2024-06-10,content_type,video,291,0.19860357168877793,2.3627008911437292e-05
2024-06-17,content_type,image,106,0.19850941710381168,2.2123591023463556e-05
2024-06-17,content_type,mixed,46,0.198615938546808,1.5900405665286153e-05
2024-06-17,content_type,text,44,0.20006036818758474,2.3497942789216178e-05
2024-06-17,content_type,video,297,0.19889518612251605,2.4304874799337007e-05
2024-06-24,content_type,image,97,0.198701068370805,1.9366958126276717e-05
2024-06-24,content_type,mixed,53,0.19826385997555612,2.5105389753786134e-05
2024-06-24,content_type,text,52,0.19870285353741063,2.2524864565930668e-05
2024-06-24,content_type,video,334,0.19930345609327785,2.1003018563128677e-05
2024-07-01,content_type,image,115,0.19932469719304555,1.993579131528234e-05
2024-07-01,content_type,mixed,42,0.19930647282148245,3.196311834832454e-05
2024-07-01,content_type,text,49,0.19901230107497983,1.6894305001986755e-05
2024-07-01,content_type,video,297,0.1989216791097024,2.5075954417833824e-05
2024-07-08,content_type,image,92,0.19931383646582457,2.3192801952958448e-05
2024-07-08,content_type,mixed,54,0.19881297627886668,3.3107426553543856e-05
2024-07-08,content_type,text,54,0.1992055571860584,2.7897147573664623e-05
2024-07-08,content_type,video,316,0.198833861881384,2.289763049607599e-05
2024-07-15,content_type,image,110,0.1986890351460836,2.1097946349972722e-05
2024-07-15,content_type,mixed,56,0.19788221478923157,2.7466437639651692e-05
2024-07-15,content_type,text,56,0.1996623245243814,2.687795430592114e-05
2024-07-15,content_type,video,287,0.19905335141852834,2.1590351899627014e-05
2024-07-22,content_type,image,97,0.1989758359046841,2.4194713618043258e-05
2024-07-22,content_type,mixed,56,0.19842978846343898,2.7277561034773736e-05
2024-07-22,content_type,text,49,0.19994202335146988,2.0829618620640136e-05
2024-07-22,content_type,video,278,0.1995735597605922,2.5385846361078977e-05
2024-07-29,content_type,image,105,0.199222727586491,2.3058102741755884e-05
2024-07-29,content_type,mixed,44,0.19996509223230613,2.9624083761912794e-05
2024-07-29,content_type,text,57,0.19930078511623917,2.5613667655953836e-05
2024-07-29,content_type,video,348,0.19878048926638514,2.3564713674988582e-05
2024-08-05,content_type,image,114,0.19871868573174975,2.5028317460130288e-05
2024-08-05,content_type,mixed,39,0.1983432681155517,1.6856881512280386e-05
2024-08-05,content_type,text,49,0.1993561199065655,2.1465525091092283e-05
2024-08-05,content_type,video,324,0.1993263995643595,2.5791098744578802e-05
2024-08-12,content_type,image,101,0.19874070710923109,2.064676794474521e-05
2024-08-12,content_type,mixed,44,0.19953168470308646,1.9727034342473136e-05
2024-08-12,content_type,text,53,0.19834232434046775,2.9071367548933092e-05
2024-08-12,content_type,video,306,0.19874976546713194,2.3822352780588748e-05
2024-08-19,content_type,image,101,0.19807287742129065,2.254436829222653e-05
2024-08-19,content_type,mixed,48,0.19872652550914374,1.936389353471154e-05
2024-08-19,content_type,text,65,0.19864239218866872,2.1554180337843018e-05
2024-08-19,content_type,video,310,0.19947272448797962,2.740297784399899e-05
2024-08-26,content_type,image,114,0.19892620611313916,2.5904446994359168e-05
2024-08-26,content_type,mixed,45,0.19996401230320845,2.4366638737196442e-05
2024-08-26,content_type,text,60,0.19883399838295937,2.9940432910605053e-05
2024-08-26,content_type,video,329,0.1996366667802233,2.1944250071685207e-05
2024-09-02,content_type,image,106,0.19947215364731025,2.814193986908016e-05
2024-09-02,content_type,mixed,55,0.19993771373910887,3.595059836632519e-05
2024-09-02,content_type,text,57,0.19839415442253022,2.5833712017466862e-05
2024-09-02,content_type,video,294,0.1995396459828106,2.6625077400843696e-05
2024-09-09,content_type,image,106,0.19933587983159431,2.7356106941131647e-05
2024-09-09,content_type,mixed,52,0.19849459632903155,3.956975859791843e-05
2024-09-09,content_type,text,47,0.19908647587059514,1.812969775522785e-05
2024-09-09,content_type,video,305,0.19905513496900135,1.894084293523479e-05
2024-09-16,content_type,image,97,0.1983800579698741,2.0939209493556238e-05
2024-09-16,content_type,mixed,57,0.19767928784858516,2.168374941699375e-05
2024-09-16,content_type,text,58,0.199332719951263,2.7178052872476802e-05
2024-09-16,content_type,video,295,0.1989160752196284,2.2339055907246986e-05
2024-09-23,content_type,image,92,0.1986530145698188,2.429051731213212e-05
2024-09-23,content_type,mixed,42,0.19916932941499071,2.0890869666045946e-05
2024-09-23,content_type,text,48,0.19821467170853893,2.634624782706377e-05
2024-09-23,content_type,video,271,0.198951319107218,2.3671116999504602e-05
2024-09-30,content_type,image,96,0.19827318152520376,2.0775912519028297e-05
2024-09-30,content_type,mixed,53,0.19971481589825243,2.5896654282885948e-05
2024-09-30,content_type,text,52,0.19880106328006297,2.5984539041913164e-05
2024-09-30,content_type,video,306,0.19883630164600596,2.650781578456506e-05
2024-10-07,content_type,image,99,0.19931133150045707,2.951395573570137e-05
2024-10-07,content_type,mixed,49,0.19962845270244745,1.9487569651096186e-05
2024-10-07,content_type,text,48,0.199098358927595,1.6577686393387136e-05
2024-10-07,content_type,video,299,0.19854256893617475,2.09624244929225e-05
2024-10-14,content_type,image,95,0.19949588324590495,1.8965540292161487e-05
2024-10-14,content_type,mixed,53,0.19867536201005492,2.2125573355848424e-05
2024-10-14,content_type,text,50,0.19931139769617737,2.32932802904681e-05
2024-10-14,content_type,video,316,0.19850712607834053,2.6361055298547304e-05
2024-10-21,content_type,image,93,0.19856154981817214,2.6175417463860277e-05
2024-10-21,content_type,mixed,46,0.19767821180639783,2.0491035428152214e-05
2024-10-21,content_type,text,47,0.19981798641343215,2.6956197545581646e-05
2024-10-21,content_type,video,300,0.19937516213501374,2.773446093471302e-05
2024-10-28,content_type,image,99,0.19972866845565637,2.264855453714142e-05
2024-10-28,content_type,mixed,47,0.1997103360846886,2.6630992496278448e-05
2024-10-28,content_type,text,54,0.19938976855014234,2.056786993874288e-05
2024-10-28,content_type,video,315,0.1988284255032709,2.2627696931519574e-05
2024-11-04,content_type,image,92,0.19895481635010973,2.241416397473244e-05
2024-11-04,content_type,mixed,49,0.1989095557059262,1.6429911476985893e-05
2024-11-04,content_type,text,56,0.19968960590753512,1.9066798114109114e-05
2024-11-04,content_type,video,275,0.19893173238512457,2.213712756692643e-05
2024-11-11,content_type,image,96,0.19978747152998025,2.7217829069237088e-05
2024-11-11,content_type,mixed,59,0.19932576455758447,2.8259451867889445e-05
2024-11-11,content_type,text,49,0.19945851549510524,2.089321353504839e-05
2024-11-11,content_type,video,294,0.1991687164975127,2.72958868900882e-05
2024-11-18,content_type,image,90,0.19948252112298015,2.5743599476477638e-05
2024-11-18,content_type,mixed,46,0.1979370217071361,2.5505248403167224e-05
2024-11-18,content_type,text,48,0.19924745667969265,2.9778793180446303e-05
2024-11-18,content_type,video,322,0.19867081691931718,2.3418407688460894e-05
2024-11-25,content_type,image,102,0.19957364549641535,2.2317573444936372e-05
2024-11-25,content_type,mixed,60,0.19873538992598763,3.462411591791088e-05
2024-11-25,content_type,text,58,0.19927139214374132,3.083832927779845e-05
2024-11-25,content_type,video,285,0.19924419349670935,2.1862479598437046e-05
2024-12-02,content_type,image,89,0.19976701727278712,3.048334325356156e-05
2024-12-02,content_type,mixed,53,0.1997283625333696,1.80393219385881e-05
2024-12-02,content_type,text,48,0.19971171178196215,3.413046002825065e-05
2024-12-02,content_type,video,298,0.1990182250697683,2.529338353847565e-05
2024-12-09,content_type,image,110,0.19940476785930325,3.128501806493711e-05
2024-12-09,content_type,mixed,54,0.19905059816972434,3.097884375602426e-05
2024-12-09,content_type,text,49,0.19873757236545317,2.047768055138672e-05
2024-12-09,content_type,video,349,0.19941623034313855,2.4304716033124015e-05
2024-12-16,content_type,image,105,0.19855668644340307,2.081516898385832e-05
2024-12-16,content_type,mixed,50,0.1995460490946509,2.0114776378202525e-05
2024-12-16,content_type,text,65,0.19925477945199677,2.0108993192229354e-05
2024-12-16,content_type,video,284,0.19898217785587866,2.0915638057117794e-05
2024-12-23,content_type,image,88,0.19952666752228512,2.0310574377872142e-05
2024-12-23,content_type,mixed,61,0.19816824565316193,2.155871926703434e-05
2024-12-23,content_type,text,45,0.19939927303830077,2.3919813896982527e-05
2024-12-23,content_type,video,295,0.199039568852859,2.4059758983504075e-05
2024-12-30,content_type,image,82,0.19943084851742685,2.2914044392791717e-05
2024-12-30,content_type,mixed,59,0.19916209003339314,2.4598260446418945e-05
2024-12-30,content_type,text,43,0.19937551993739355,2.0938933505516826e-05
2024-12-30,content_type,video,283,0.19918786139508465,2.225256440837309e-05
2025-01-06,content_type,image,103,0.19869978603077823,1.9516592086124108e-05
2025-01-06,content_type,mixed,37,0.20005230644580219,1.8853454612093234e-05
2025-01-06,content_type,text,47,0.19872418195193298,2.4356552869584195e-05
2025-01-06,content_type,video,294,0.19948245197873363,2.5254564562592977e-05
2025-01-13,content_type,image,93,0.19897697214718355,2.6083158584728127e-05
2025-01-13,content_type,mixed,39,0.19963181674696526,2.5384801376990242e-05
2025-01-13,content_type,text,41,0.20046922370262027,2.624459077782154e-05
2025-01-13,content_type,video,279,0.19858790928904566,2.0916608582220647e-05
2025-01-20,content_type,image,86,0.19874748894765196,2.7832733527235037e-05
2025-01-20,content_type,mixed,46,0.198770803595107,1.7195332428267666e-05
2025-01-20,content_type,text,58,0.19955715207566366,3.0530923591134325e-05
2025-01-20,content_type,video,299,0.199198843681422,2.878541882837567e-05
2025-01-27,content_type,image,106,0.19915323364446375,3.415761642761823e-05
2025-01-27,content_type,mixed,37,0.19899194696722414,1.9375067661235186e-05
2025-01-27,content_type,text,46,0.19908646182223047,2.0644941062438134e-05
2025-01-27,content_type,video,310,0.1988821679865181,2.221779432108629e-05
2025-02-03,content_type,image,96,0.19876091867470794,2.3341664805296217e-05
2025-02-03,content_type,mixed,43,0.20049826039863822,2.6741736875635583e-05
2025-02-03,content_type,text,45,0.198705693192782,2.9984871949695325e-05
2025-02-03,content_type,video,310,0.19919744096909162,2.650422622949999e-05
2025-02-10,content_type,image,97,0.1992753376971946,1.9568174433969554e-05
2025-02-10,content_type,mixed,40,0.1991269766397442,2.3322263134202763e-05
2025-02-10,content_type,text,36,0.19947781326470557,2.0561103839234268e-05
2025-02-10,content_type,video,286,0.19923659104878966,2.5321937246453703e-05
2025-02-17,content_type,image,100,0.1982926751533436,2.484729224044006e-05
2025-02-17,content_type,mixed,55,0.19969534289106064,2.0318780387655993e-05
2025-02-17,content_type,text,49,0.19897454033649026,2.3370280017313642e-05
2025-02-17,content_type,video,291,0.19884616943954667,2.392198211504958e-05
2025-02-24,content_type,image,105,0.19940219634886827,2.69251078723531e-05
2025-02-24,content_type,mixed,58,0.19855782203074512,2.2546877901484968e-05
2025-02-24,content_type,text,37,0.19834374533134624,2.26492061422189e-05
2025-02-24,content_type,video,289,0.19931128934548017,2.2393231854724497e-05
2025-03-03,content_type,image,110,0.1986179813074771,1.9723493598662978e-05
2025-03-03,content_type,mixed,60,0.1984029367076067,2.604648297748654e-05
2025-03-03,content_type,text,53,0.1992646959984845,1.889465298658269e-05
2025-03-03,content_type,video,299,0.19880694958761772,2.494913132252082e-05
2025-03-10,content_type,image,84,0.19850990889576148,1.924880957703575e-05
2025-03-10,content_type,mixed,33,0.19838255247927342,2.352740473061323e-05
2025-03-10,content_type,text,40,0.19842742740116176,2.5876820948519797e-05
2025-03-10,content_type,video,287,0.1991512949102842,2.44134196207156e-05
2025-03-17,content_type,image,90,0.19903305711145558,2.056611783622049e-05
2025-03-17,content_type,mixed,50,0.1985814117449404,2.191437890303162e-05
2025-03-17,content_type,text,57,0.19856069630777684,2.2002472676178285e-05
2025-03-17,content_type,video,314,0.1986791378776064,2.1845624179361773e-05
2025-03-24,content_type,image,101,0.19872224442591022,2.3779583459511327e-05
2025-03-24,content_type,mixed,46,0.20058415263043144,2.4449955092454058e-05
2025-03-24,content_type,text,52,0.1998140055944607,2.395605954738284e-05
2025-03-24,content_type,video,327,0.19875096565628403,2.7191503329753928e-05
2025-03-31,content_type,image,93,0.19876280270931862,2.8191577801751183e-05
2025-03-31,content_type,mixed,44,0.1992581162585233,1.3454634186024423e-05
2025-03-31,content_type,text,51,0.20030708682536527,2.6119033422440683e-05
2025-03-31,content_type,video,294,0.19849124985728422,2.4100201707031235e-05
2025-04-07,content_type,image,113,0.19887758517812254,2.43130241816872e-05
2025-04-07,content_type,mixed,57,0.19934259908738916,2.1793097525455654e-05
2025-04-07,content_type,text,42,0.1991051757200562,2.690005089426862e-05
2025-04-07,content_type,video,287,0.19849800363963263,2.2956599967744484e-05
2025-04-14,content_type,image,112,0.19912426743308395,2.196900606239745e-05
2025-04-14,content_type,mixed,52,0.19972658656439804,1.509722950477389e-05
2025-04-14,content_type,text,55,0.19834113809795106,2.2077642088023215e-05
2025-04-14,content_type,video,313,0.19885502534703656,2.7123085375800604e-05
2025-04-21,content_type,image,93,0.19937418797410686,2.061664956341262e-05
2025-04-21,content_type,mixed,61,0.19950507051786348,2.1156033696919426e-05
2025-04-21,content_type,text,46,0.19937104769692696,2.448362887761893e-05
2025-04-21,content_type,video,310,0.1993630811544253,2.398553218786293e-05
2025-04-28,content_type,image,113,0.1987623386616593,2.4500826050845255e-05
2025-04-28,content_type,mixed,42,0.19921068417447138,2.0959226513046022e-05
2025-04-28,content_type,text,54,0.1996017565705955,2.0205793359760635e-05
2025-04-28,content_type,video,270,0.19912357272211137,2.12613123441457e-05
2025-05-05,content_type,image,114,0.1993583878707098,2.756174890680344e-05
2025-05-05,content_type,mixed,47,0.19915053002911126,2.8040335555548245e-05
2025-05-05,content_type,text,45,0.20086323140519208,1.550147864723641e-05
2025-05-05,content_type,video,284,0.19935457355515526,1.9899199210304953e-05
2025-05-12,content_type,image,99,0.19984142807760005,2.914244069179922e-05
2025-05-12,content_type,mixed,53,0.19928371764442804,2.1256586566387917e-05
2025-05-12,content_type,text,44,0.19865071830055872,1.809205013457232e-05
2025-05-12,content_type,video,344,0.1986413611079856,2.559531327100606e-05
2025-05-19,content_type,image,118,0.19825564358368788,2.081600306049986e-05
2025-05-19,content_type,mixed,44,0.1980899897898568,2.599604384415088e-05
2025-05-19,content_type,text,35,0.19820982835926074,2.701126918822514e-05
2025-05-19,content_type,video,301,0.19977971616460966,2.4407305553143448e-05
2025-05-26,content_type,image,42,0.19825463188436881,2.1957234716137602e-05
2025-05-26,content_type,mixed,19,0.19853168814881364,2.5638261604713665e-05
2025-05-26,content_type,text,21,0.19894551178438005,2.183035495811365e-05
2025-05-26,content_type,video,99,0.19904703924859268,2.0276225522047394e-05
2023-05-29,content_category,beauty,180,0.19906309611535075,2.192253197872577e-05
2023-05-29,content_category,lifestyle,205,0.19899818571428918,2.1608188015348462e-05
2023-05-29,content_category,tech,95,0.19914312203288495,2.0388665003157828e-05
2023-06-05,content_category,beauty,202,0.19915998944583693,2.838496515937629e-05
2023-06-05,content_category,lifestyle,191,0.19869116862907268,2.9326753338378746e-05
2023-06-05,content_category,tech,103,0.19955581316067336,2.2097056262859902e-05
2023-06-12,content_category,beauty,208,0.1992624792819799,2.5226916066596588e-05
2023-06-12,content_category,lifestyle,207,0.19912144057115008,2.31676427875025e-05
2023-06-12,content_category,tech,100,0.19891826470215726,2.091582894655976e-05
2023-06-19,content_category,beauty,212,0.1991087973048558,2.5682271752597898e-05
2023-06-19,content_category,lifestyle,209,0.19864109920251263,2.4849021261220986e-05
2023-06-19,content_category,tech,125,0.19983780797230016,2.3796047152484524e-05
2023-06-26,content_category,beauty,226,0.198746102681036,2.5640687970650404e-05
2023-06-26,content_category,lifestyle,198,0.19867764832570745,2.6656424323788803e-05
2023-06-26,content_category,tech,102,0.19884054695272707,2.6231578282070704e-05
2023-07-03,content_category,beauty,209,0.19981361693947233,2.613352533545797e-05
2023-07-03,content_category,lifestyle,196,0.19958038520137888,2.486696616737902e-05
2023-07-03,content_category,tech,95,0.19898510916585882,2.2255549230447685e-05
2023-07-10,content_category,beauty,208,0.19947347184189265,2.5399850210125886e-05
2023-07-10,content_category,lifestyle,196,0.19931787430703984,2.2199849419487376e-05
2023-07-10,content_category,tech,91,0.20002001163720667,2.7607736522718365e-05
2023-07-17,content_category,beauty,189,0.19831620757544668,2.1461288504948156e-05
2023-07-17,content_category,lifestyle,220,0.19898303158975755,2.0090017325535764e-05
2023-07-17,content_category,tech,113,0.1981632060105995,2.8079205043081943e-05
2023-07-24,content_category,beauty,212,0.19924728140289621,2.586773961448069e-05
2023-07-24,content_category,lifestyle,182,0.19938977957128304,2.6185967115024627e-05
2023-07-24,content_category,tech,103,0.1981879189781065,2.1607533422411224e-05
2023-07-31,content_category,beauty,197,0.1991052390981497,2.3848043438604445e-05
2023-07-31,content_category,lifestyle,203,0.19871447038665183,2.4106854847921053e-05
2023-07-31,content_category,tech,132,0.19910580500986125,2.053418271437501e-05
2023-08-07,content_category,beauty,189,0.19851400822080761,2.2005908450138866e-05
2023-08-07,content_category,lifestyle,185,0.19844920983845102,2.628989814157636e-05
2023-08-07,content_category,tech,94,0.19836119231740437,1.9960216908854036e-05
2023-08-14,content_category,beauty,190,0.19875881159607567,2.1539236055668676e-05
2023-08-14,content_category,lifestyle,204,0.19878234033580597,2.5275225904602802e-05
2023-08-14,content_category,tech,121,0.19927181983470257,2.194396273942727e-05
2023-08-21,content_category,beauty,201,0.19985735315669473,2.2251641230354612e-05
2023-08-21,content_category,lifestyle,204,0.19868001904577606,2.4162638086838674e-05
2023-08-21,content_category,tech,93,0.19894407327919308,1.940194265272299e-05
2023-08-28,content_category,beauty,189,0.19923420098320352,2.098526855912488e-05
2023-08-28,content_category,lifestyle,203,0.19920993629484018,2.3291072764358332e-05
2023-08-28,content_category,tech,100,0.19919753250651695,2.7117154572104494e-05
2023-09-04,content_category,beauty,199,0.19934319534100506,2.3338082519794003e-05
2023-09-04,content_category,lifestyle,202,0.19913644219765336,2.3019365666732213e-05
2023-09-04,content_category,tech,88,0.197358961336571,2.1849072737965052e-05
2023-09-11,content_category,beauty,198,0.1990329945516738,2.6332553385452294e-05
2023-09-11,content_category,lifestyle,199,0.19884701122004822,2.531378613719149e-05
2023-09-11,content_category,tech,82,0.19933127815224555,1.8858538159537547e-05
2023-09-18,content_category,beauty,177,0.19904928956948437,2.9943300694803222e-05
2023-09-18,content_category,lifestyle,213,0.19953662486745874,2.113951520534869e-05
2023-09-18,content_category,tech,100,0.19928499639402847,2.4531012231690886e-05
2023-09-25,content_category,beauty,201,0.19921671998527538,2.840894347525359e-05
2023-09-25,content_category,lifestyle,217,0.19921277562751397,1.979994390627449e-05
2023-09-25,content_category,tech,84,0.19842561372480233,2.228337876592901e-05
2023-10-02,content_category,beauty,201,0.19835252654124916,2.1987134829730698e-05
2023-10-02,content_category,lifestyle,187,0.1991871640320477,2.1517588355831466e-05
2023-10-02,content_category,tech,99,0.19867138450671729,2.017877999465005e-05
2023-10-09,content_category,beauty,186,0.1990517563101544,2.429709723237696e-05
2023-10-09,content_category,lifestyle,197,0.19957439871010108,2.2622753804219353e-05
2023-10-09,content_category,tech,93,0.19885796295069788,2.628605692104505e-05
2023-10-16,content_category,beauty,195,0.19865051113231402,2.372002235865492e-05
2023-10-16,content_category,lifestyle,218,0.19941004955760214,2.5888030577801684e-05
2023-10-16,content_category,tech,92,0.19823251729515473,1.8783731609850856e-05
2023-10-23,content_category,beauty,230,0.1991839396946931,2.5481265135793842e-05
2023-10-23,content_category,lifestyle,192,0.19913218307532923,1.907619872322491e-05
2023-10-23,content_category,tech,89,0.19916340040772867,2.1223703500384923e-05
2023-10-30,content_category,beauty,204,0.19928057687361725,2.4543382728266958e-05
2023-10-30,content_category,lifestyle,196,0.1989596328676007,2.1712405209263534e-05
2023-10-30,content_category,tech,110,0.1983978487409725,2.623340901871215e-05
2023-11-06,content_category,beauty,202,0.1994419991535229,1.940953370936087e-05
2023-11-06,content_category,lifestyle,196,0.19922517230084355,2.1768784864009643e-05
2023-11-06,content_category,tech,112,0.19861956571152817,2.488462134688186e-05
2023-11-13,content_category,beauty,198,0.198938671529383,2.1523891415026572e-05
2023-11-13,content_category,lifestyle,190,0.19916542299145126,2.3493386673768305e-05
2023-11-13,content_category,tech,113,0.19983586286799532,2.3562285370424152e-05
2023-11-20,content_category,beauty,205,0.19933494307905986,2.1583047323202936e-05
2023-11-20,content_category,lifestyle,206,0.19890638421138837,1.9118595455238345e-05
2023-11-20,content_category,tech,96,0.19958738883164107,2.1296092305513335e-05
2023-11-27,content_category,beauty,178,0.19895866648382501,2.9413591003855248e-05
2023-11-27,content_category,lifestyle,209,0.19856711641599298,2.5436257353108023e-05
2023-11-27,content_category,tech,95,0.19895911156665935,1.7641513917282817e-05
2023-12-04,content_category,beauty,179,0.1996395563694086,2.0061875512875844e-05
2023-12-04,content_category,lifestyle,189,0.1990921423586484,2.6543180234919877e-05
2023-12-04,content_category,tech,112,0.198842505924308,2.182685545621417e-05
2023-12-11,content_category,beauty,216,0.19964403108380235,2.0782581606143673e-05
2023-12-11,content_category,lifestyle,191,0.19900280282648986,2.903570126020058e-05
2023-12-11,content_category,tech,100,0.19878267763501714,2.5891911592147064e-05
2023-12-18,content_category,beauty,183,0.2001381704781572,2.436026504390848e-05
2023-12-18,content_category,lifestyle,194,0.19892773893552154,2.3039912743391404e-05
2023-12-18,content_category,tech,117,0.19942119565937477,2.1136901212052185e-05
2023-12-25,content_category,beauty,209,0.19898695510234807,2.022073936667763e-05
2023-12-25,content_category,lifestyle,196,0.19889997743613771,2.267184756909013e-05
2023-12-25,content_category,tech,89,0.19854063017906906,2.1067940381340028e-05
2024-01-01,content_category,beauty,220,0.19950415956192907,2.3353608874053462e-05
2024-01-01,content_category,lifestyle,212,0.1989516920696726,2.462784946755916e-05
2024-01-01,content_category,tech,95,0.19888181150681375,2.268866604823384e-05
2024-01-08,content_category,beauty,190,0.19905801791667466,2.4144887437455432e-05
2024-01-08,content_category,lifestyle,183,0.19909545569146525,2.0277440777577434e-05
2024-01-08,content_category,tech,102,0.19939828446940655,2.501946472959616e-05
2024-01-15,content_category,beauty,183,0.19895194751738418,2.623115415477207e-05
2024-01-15,content_category,lifestyle,199,0.199752640552131,2.3589004042113775e-05
2024-01-15,content_category,tech,106,0.19964171885627513,1.844399700051886e-05
2024-01-22,content_category,beauty,201,0.19872829936147118,2.967062849429854e-05
2024-01-22,content_category,lifestyle,200,0.19911056926355658,2.4523559879001232e-05
2024-01-22,content_category,tech,100,0.19863353860930488,3.114043505785699e-05
2024-01-29,content_category,beauty,218,0.19849830058621004,2.117552068467207e-05
2024-01-29,content_category,lifestyle,176,0.19910864323121613,2.3772400503823423e-05
2024-01-29,content_category,tech,96,0.1994608544185548,2.0426920442328503e-05
2024-02-05,content_category,beauty,206,0.19915494163537617,2.380205812074139e-05
2024-02-05,content_category,lifestyle,178,0.19838579308894755,2.2387031271037752e-05
2024-02-05,content_category,tech,97,0.1999658224938112,2.422455453156879e-05
2024-02-12,content_category,beauty,181,0.1987471591619245,2.4033285959991934e-05
2024-02-12,content_category,lifestyle,216,0.19897822253874337,2.3736288969117455e-05
2024-02-12,content_category,tech,97,0.19890140324038227,2.3143533198045566e-05
2024-02-19,content_category,beauty,222,0.19920673950856954,2.1311340683568487e-05
2024-02-19,content_category,lifestyle,215,0.19926101298566784,2.1480557983037068e-05
2024-02-19,content_category,tech,107,0.1989561050279722,2.0951194747409103e-05
2024-02-26,content_category,beauty,207,0.19900379383527025,2.255180678680712e-05
2024-02-26,content_category,lifestyle,194,0.19906763998709967,2.34897484259476e-05
2024-02-26,content_category,tech,98,0.1986520173603015,2.469258120222906e-05
2024-03-04,content_category,beauty,182,0.19881768870998542,2.2176904327713875e-05
2024-03-04,content_category,lifestyle,205,0.1989171195919697,2.6210012749464084e-05
2024-03-04,content_category,tech,86,0.1993363810850523,2.670174898034778e-05
2024-03-11,content_category,beauty,217,0.19930833827819305,2.4930284797096832e-05
2024-03-11,content_category,lifestyle,203,0.19953474881006644,2.307018208490761e-05
2024-03-11,content_category,tech,107,0.19873326558090576,2.557762175229768e-05
2024-03-18,content_category,beauty,213,0.19950419193668517,2.1388909086108423e-05
2024-03-18,content_category,lifestyle,203,0.19900501227046052,1.983972472153631e-05
2024-03-18,content_category,tech,101,0.1995618296920495,1.9357973450188392e-05
2024-03-25,content_category,beauty,181,0.19825390102894813,2.2758298616102712e-05
2024-03-25,content_category,lifestyle,214,0.19882515129889336,2.40349686287406e-05
2024-03-25,content_category,tech,90,0.1990483020757466,2.038969990435354e-05
2024-04-01,content_category,beauty,181,0.19931949959819878,2.542272211385127e-05
2024-04-01,content_category,lifestyle,199,0.19930623800089048,2.3543078335998005e-05
2024-04-01,content_category,tech,116,0.19834470965830409,2.819710648236449e-05
2024-04-08,content_category,beauty,197,0.19828093782609849,2.739586054976623e-05
2024-04-08,content_category,lifestyle,212,0.1989747841797953,2.4509050098237254e-05
2024-04-08,content_category,tech,98,0.1987310658507185,2.308689195185241e-05
2024-04-15,content_category,beauty,203,0.19893931456478897,2.5606864325675656e-05
2024-04-15,content_category,lifestyle,215,0.19936512974632678,2.4918737983612064e-05
2024-04-15,content_category,tech,95,0.1983249151578737,2.112065610236812e-05
2024-04-22,content_category,beauty,186,0.19859395479432132,2.587822898268489e-05
2024-04-22,content_category,lifestyle,192,0.19896081125202633,2.5324043888585925e-05
2024-04-22,content_category,tech,89,0.1989687427019631,2.9067490803237205e-05
2024-04-29,content_category,beauty,206,0.19896450579177086,1.8671249311362707e-05
2024-04-29,content_category,lifestyle,196,0.19943686999083157,2.488574607141337e-05
2024-04-29,content_category,tech,82,0.19861769028462678,2.2637183538449914e-05
2024-05-06,content_category,beauty,172,0.19858957565838473,2.5553187625496402e-05
2024-05-06,content_category,lifestyle,184,0.1991180608341791,2.4617190850454033e-05
2024-05-06,content_category,tech,83,0.19923994878161003,2.1477528135589326e-05
2024-05-13,content_category,beauty,192,0.19935646038309204,2.4342299793877977e-05
2024-05-13,content_category,lifestyle,225,0.19919335873981522,1.92238537021203e-05
2024-05-13,content_category,tech,105,0.1994164502469095,2.6482607153210353e-05
2024-05-20,content_category,beauty,189,0.19950184400678225,1.6906348276255824e-05
2024-05-20,content_category,lifestyle,219,0.1987071931214331,2.24381524241779e-05
2024-05-20,content_category,tech,94,0.19891559338909673,2.025583635476046e-05
2024-05-27,content_category,beauty,195,0.1989305395659764,1.949322718570309e-05
2024-05-27,content_category,lifestyle,208,0.19925940874033723,2.6697980602870712e-05
2024-05-27,content_category,tech,119,0.19936558974572618,1.9170944357992295e-05
2024-06-03,content_category,beauty,200,0.19921209667921772,2.3197221760869052e-05
2024-06-03,content_category,lifestyle,187,0.1994041409002341,2.3262446654554846e-05
2024-06-03,content_category,tech,110,0.1993103845454736,2.3782069426858733e-05
2024-06-10,content_category,beauty,192,0.19953473758518445,2.278648123053485e-05
2024-06-10,content_category,lifestyle,217,0.19848499659553268,2.422413931548815e-05
2024-06-10,content_category,tech,94,0.19969180059898833,2.5522495694414518e-05
2024-06-17,content_category,beauty,198,0.19891460302161773,2.4499678173967433e-05
2024-06-17,content_category,lifestyle,206,0.19920026508199296,2.246637960478493e-05
2024-06-17,content_category,tech,89,0.1981181107823297,2.0650155000520696e-05
2024-06-24,content_category,beauty,213,0.1993057354837084,2.263301400102603e-05
2024-06-24,content_category,lifestyle,198,0.19900142109068514,1.953578322434253e-05
2024-06-24,content_category,tech,125,0.19861990316629735,2.1737906328999744e-05
2024-07-01,content_category,beauty,196,0.1992239302073577,2.23071174834768e-05
2024-07-01,content_category,lifestyle,207,0.19913304739018323,2.5264486613716824e-05
2024-07-01,content_category,tech,100,0.19856122353548092,2.270058953880729e-05
2024-07-08,content_category,beauty,216,0.19857654529854088,2.675009953632539e-05
2024-07-08,content_category,lifestyle,199,0.1990636476131319,2.213185438956898e-05
2024-07-08,content_category,tech,101,0.19955618274238685,2.374335314452134e-05
2024-07-15,content_category,beauty,208,0.1989259860629631,2.1914067204228385e-05
2024-07-15,content_category,lifestyle,212,0.19913283101222812,2.4995042412035344e-05
2024-07-15,content_category,tech,89,0.19835769268607262,1.9519127106290707e-05
2024-07-22,content_category,beauty,205,0.19947319617820006,2.4631704734857163e-05
2024-07-22,content_category,lifestyle,193,0.19957553539720388,2.444582257070468e-05
2024-07-22,content_category,tech,82,0.19855182251441766,2.670484493577817e-05
2024-07-29,content_category,beauty,255,0.19925204109743222,2.5246398703142833e-05
2024-07-29,content_category,lifestyle,195,0.19865276494801035,2.1395915014397057e-05
2024-07-29,content_category,tech,104,0.19909659448484088,2.6672248250129412e-05
2024-08-05,content_category,beauty,225,0.19911533822886252,2.203469207041143e-05
2024-08-05,content_category,lifestyle,197,0.19934996247508757,2.668157223464358e-05
2024-08-05,content_category,tech,104,0.19871756976071017,2.616922777847997e-05
2024-08-12,content_category,beauty,203,0.19839467537500113,2.403623133791076e-05
2024-08-12,content_category,lifestyle,206,0.1992981851647562,2.1870942564161737e-05
2024-08-12,content_category,tech,95,0.1984445444514769,2.4371389182124818e-05
2024-08-19,content_category,beauty,218,0.19899352841427184,2.6132780223400173e-05
2024-08-19,content_category,lifestyle,199,0.19886806036830815,2.6059365731011915e-05
2024-08-19,content_category,tech,107,0.19941309084039094,2.1954907605631198e-05
2024-08-26,content_category,beauty,210,0.1995452727395465,2.2598622197958296e-05
2024-08-26,content_category,lifestyle,226,0.1990801996127184,2.7474242696884272e-05
2024-08-26,content_category,tech,112,0.19990927621816199,1.8735841701978697e-05
2024-09-02,content_category,beauty,217,0.19963153862087896,2.9769983940505962e-05
2024-09-02,content_category,lifestyle,199,0.19935568168294424,2.6453934648941195e-05
2024-09-02,content_category,tech,96,0.19918667424645609,2.672988334012867e-05
2024-09-09,content_category,beauty,201,0.19900995532988797,2.1636457905578514e-05
2024-09-09,content_category,lifestyle,216,0.199161826977123,2.440638156256946e-05
2024-09-09,content_category,tech,93,0.19892738875651578,2.0957829887296293e-05
2024-09-16,content_category,beauty,208,0.1984918363576606,2.2070642274750773e-05
2024-09-16,content_category,lifestyle,200,0.1987014769422295,2.4348959001622876e-05
2024-09-16,content_category,tech,99,0.19924775380375218,2.0355205969479225e-05
2024-09-23,content_category,beauty,187,0.19887661474983231,2.4326762957197963e-05
2024-09-23,content_category,lifestyle,184,0.19908454894227082,2.3631658810794375e-05
2024-09-23,content_category,tech,82,0.19816849917466367,2.257699664529271e-05
2024-09-30,content_category,beauty,208,0.19883278348245292,2.5751011386142142e-05
2024-09-30,content_category,lifestyle,202,0.19886798329898733,2.6216815382398222e-05
2024-09-30,content_category,tech,97,0.19868167703631318,2.2909172891559885e-05
2024-10-07,content_category,beauty,200,0.1989251778137625,1.7753370578283643e-05
2024-10-07,content_category,lifestyle,206,0.19890158818562004,2.5201818620973317e-05
2024-10-07,content_category,tech,89,0.19860452373500845,2.533378736509635e-05
2024-10-14,content_category,beauty,226,0.19854124904601025,2.4021831639659562e-05
2024-10-14,content_category,lifestyle,190,0.1988358283758126,2.5761876423901686e-05
2024-10-14,content_category,tech,98,0.19925097086383323,2.222876233743954e-05
2024-10-21,content_category,beauty,206,0.199068832633576,2.625949593698686e-05
2024-10-21,content_category,lifestyle,190,0.19911238618466304,2.831396086217888e-05
2024-10-21,content_category,tech,90,0.19915425533907904,2.578302178136384e-05
2024-10-28,content_category,beauty,203,0.19910148685768092,2.0348858322562224e-05
2024-10-28,content_category,lifestyle,214,0.19896156288877853,2.5917903643207983e-05
2024-10-28,content_category,tech,98,0.1996137675308219,2.127038124429039e-05
2024-11-04,content_category,beauty,185,0.19890780699359775,2.0680836366625382e-05
2024-11-04,content_category,lifestyle,192,0.1993033211403357,2.2083585944581624e-05
2024-11-04,content_category,tech,95,0.19868498650285954,2.0416700386771755e-05
2024-11-11,content_category,beauty,228,0.1995322353772175,2.8701052948702418e-05
2024-11-11,content_category,lifestyle,182,0.1991241682436717,2.428929788239314e-05
2024-11-11,content_category,tech,88,0.1992606704426209,2.6722980513353486e-05
2024-11-18,content_category,beauty,222,0.19873388288097157,2.359395979303294e-05
2024-11-18,content_category,lifestyle,198,0.19887705114244106,2.6677558718018386e-05
2024-11-18,content_category,tech,86,0.19881200863328874,2.323638818764478e-05
2024-11-25,content_category,beauty,211,0.19906289961141996,2.515422487258477e-05
2024-11-25,content_category,lifestyle,188,0.19923805662046537,2.5278266228346952e-05
2024-11-25,content_category,tech,106,0.19965985532486497,2.148184945622529e-05
2024-12-02,content_category,beauty,165,0.19880420886938555,2.599943327130625e-05
2024-12-02,content_category,lifestyle,217,0.1995111516230616,2.524739442353645e-05
2024-12-02,content_category,tech,106,0.19964006247376226,2.8742313680753908e-05
2024-12-09,content_category,beauty,233,0.1992412624485705,2.3395330966850818e-05
2024-12-09,content_category,lifestyle,200,0.19971503617823835,2.668207075938474e-05
2024-12-09,content_category,tech,129,0.19884837841229785,2.9052200598058295e-05
2024-12-16,content_category,beauty,201,0.1990496687623323,2.2891632769894958e-05
2024-12-16,content_category,lifestyle,211,0.19893150473635626,2.0069572530240397e-05
2024-12-16,content_category,tech,92,0.19896437811020914,1.7602382013024202e-05
2024-12-23,content_category,beauty,214,0.1988157399997303,2.2397332753451793e-05
2024-12-23,content_category,lifestyle,179,0.19885387532888918,2.5133959294824232e-05
2024-12-23,content_category,tech,96,0.19994622688861938,2.0203287682705385e-05
2024-12-30,content_category,beauty,181,0.19919078407446328,2.082651006953823e-05
2024-12-30,content_category,lifestyle,195,0.19937112124590728,2.3012928258467545e-05
2024-12-30,content_category,tech,91,0.19908026881413518,2.4698958372157438e-05
2025-01-06,content_category,beauty,194,0.1994482448928823,2.3777331202027338e-05
2025-01-06,content_category,lifestyle,190,0.19935399203016585,2.4115527751001373e-05
2025-01-06,content_category,tech,97,0.19882136843507936,2.1863799205989237e-05
2025-01-13,content_category,beauty,170,0.19873986991014284,2.0977597907855143e-05
2025-01-13,content_category,lifestyle,184,0.19893027273858802,2.4767712415570576e-05
2025-01-13,content_category,tech,98,0.19925322507802457,2.3546256740377108e-05
2025-01-20,content_category,beauty,196,0.19902005924369964,2.7370846371080474e-05
2025-01-20,content_category,lifestyle,208,0.19951582346438296,2.887893357215968e-05
2025-01-20,content_category,tech,85,0.19839161416058668,2.4922359894002925e-05
2025-01-27,content_category,beauty,185,0.19871532516463172,2.2705938572180066e-05
2025-01-27,content_category,lifestyle,208,0.19916602772592862,2.3285201414918183e-05
2025-01-27,content_category,tech,106,0.19901438869144944,2.9207953100368424e-05
2025-02-03,content_category,beauty,209,0.19928102341156126,2.3564777828498937e-05
2025-02-03,content_category,lifestyle,186,0.1990558305223741,2.7949286562356875e-05
2025-02-03,content_category,tech,99,0.19920523145281926,2.9330610729717238e-05
2025-02-10,content_category,beauty,188,0.19875826406413155,2.4906717250344236e-05
2025-02-10,content_category,lifestyle,172,0.1998638772033725,2.1678777619926697e-05
2025-02-10,content_category,tech,99,0.19913649107741496,2.2968489678090314e-05
2025-02-17,content_category,beauty,219,0.1988705044515031,2.4537391396470958e-05
2025-02-17,content_category,lifestyle,181,0.19881999372202663,2.1601620921816783e-05
2025-02-17,content_category,tech,95,0.19881515599129257,2.6059143401384313e-05
2025-02-24,content_category,beauty,199,0.19915114934590203,2.3342381908765264e-05
2025-02-24,content_category,lifestyle,194,0.19911718359447497,2.5403774130271896e-05
2025-02-24,content_category,tech,96,0.1993068037016178,1.9803191024139063e-05
2025-03-03,content_category,beauty,213,0.1987846800044811,2.468735530906008e-05
2025-03-03,content_category,lifestyle,190,0.19874833219063504,2.283463207332454e-05
2025-03-03,content_category,tech,119,0.19876589078757254,2.185058705683513e-05
2025-03-10,content_category,beauty,172,0.19888862645791056,2.5487972177116748e-05
2025-03-10,content_category,lifestyle,190,0.1988599674023519,2.144488483488261e-05
2025-03-10,content_category,tech,82,0.1990577775262261,2.4404230188812326e-05
2025-03-17,content_category,beauty,199,0.198658436792763,1.9929888287261017e-05
2025-03-17,content_category,lifestyle,197,0.19870245253765878,2.2883528853461746e-05
2025-03-17,content_category,tech,115,0.19885080555400952,2.2383222809390535e-05
2025-03-24,content_category,beauty,226,0.19894155183003864,2.5488152436699535e-05
2025-03-24,content_category,lifestyle,194,0.19901579750665335,2.6154927293975832e-05
2025-03-24,content_category,tech,106,0.19914958810051048,2.8156513884192438e-05
2025-03-31,content_category,beauty,195,0.19913007465187962,2.6868839160292016e-05
2025-03-31,content_category,lifestyle,191,0.19855530960907164,2.2439837496458858e-05
2025-03-31,content_category,tech,96,0.19864539542737117,2.2964332277288765e-05
2025-04-07,content_category,beauty,194,0.1986509567207674,2.5053091902561172e-05
2025-04-07,content_category,lifestyle,187,0.19895863615577844,2.1365480462512792e-05
2025-04-07,content_category,tech,118,0.19850414519463147,2.4196068534728294e-05
2025-04-14,content_category,beauty,210,0.1989764762522764,2.238611330016157e-05
2025-04-14,content_category,lifestyle,210,0.19898826691861093,2.4510461273753685e-05
2025-04-14,content_category,tech,112,0.1987990171158707,2.8078343418704628e-05
2025-04-21,content_category,beauty,211,0.19911911391824721,2.2418743898739545e-05
2025-04-21,content_category,lifestyle,184,0.19962086929923362,2.2741487498809917e-05
2025-04-21,content_category,tech,115,0.19948573171567788,2.4425315368891704e-05
2025-04-28,content_category,beauty,207,0.19921594847476437,1.9996428736850197e-05
2025-04-28,content_category,lifestyle,178,0.19922019415446732,2.3620027048867002e-05
2025-04-28,content_category,tech,94,0.19861655957559696,2.251001591632605e-05
2025-05-05,content_category,beauty,184,0.1993625482613798,2.4581794601177365e-05
2025-05-05,content_category,lifestyle,201,0.19941429860659424,1.927972642726697e-05
2025-05-05,content_category,tech,105,0.19978564315721484,2.3534601341178928e-05
2025-05-12,content_category,beauty,220,0.19894916036946986,2.465855048612742e-05
2025-05-12,content_category,lifestyle,200,0.19909204035391503,2.5042102461348676e-05
2025-05-12,content_category,tech,120,0.19860312407618624,2.7207221744655704e-05
2025-05-19,content_category,beauty,204,0.19936912119169828,2.699929577997286e-05
2025-05-19,content_category,lifestyle,199,0.1989277823733433,2.2750700199162215e-05
2025-05-19,content_category,tech,95,0.19919194354051312,2.2156527710627803e-05
2025-05-26,content_category,beauty,78,0.19881459666428575,1.6938582441928274e-05
2025-05-26,content_category,lifestyle,69,0.1986024063894647,2.5279657987272645e-05
2025-05-26,content_category,tech,34,0.19915307842253685,2.350066516139861e-05
2023-05-29,total,total,480,0.1990512124277427,2.139904475133449e-05
2023-06-05,total,total,496,0.1990616528866155,2.7443803306260024e-05
2023-06-12,total,total,515,0.1991389521535837,2.3488873035868075e-05
2023-06-19,total,total,546,0.19909666805584633,2.5046485005536838e-05
2023-06-26,total,total,526,0.19873864898019464,2.604127277635484e-05
2023-07-03,total,total,500,0.19956477362115313,2.4893314648367718e-05
2023-07-10,total,total,495,0.19951233649753392,2.449922214205145e-05
2023-07-17,total,total,522,0.1985641234879384,2.2356416290335724e-05
2023-07-24,total,total,497,0.19907991789563878,2.5215902296073427e-05
2023-07-31,total,total,532,0.19895627039873587,2.307527559055887e-05
2023-08-07,total,total,468,0.19845769968308138,2.3195375357134383e-05
2023-08-14,total,total,515,0.19888866375098602,2.307069201092098e-05
2023-08-21,total,total,498,0.19920451944738737,2.2713110656244605e-05
2023-08-28,total,total,492,0.19921673639091406,2.3084988601470453e-05
2023-09-04,total,total,489,0.19890070714602093,2.3377182639794286e-05
2023-09-11,total,total,479,0.1990067911534554,2.456283376111364e-05
2023-09-18,total,total,490,0.19930923467340875,2.4955420646316184e-05
2023-09-25,total,total,502,0.19908263860775752,2.3655981745738808e-05
2023-10-02,total,total,487,0.19873783280277005,2.1492287315448224e-05
2023-10-09,total,total,476,0.1992301970041881,2.397786918236546e-05
2023-10-16,total,total,505,0.19890224171388662,2.3885999202849692e-05
2023-10-23,total,total,511,0.19916091568792657,2.2248491297966588e-05
2023-10-30,total,total,510,0.19896684134465614,2.3833732765725183e-05
2023-11-06,total,total,510,0.199178056783663,2.1528220058230354e-05
2023-11-13,total,total,501,0.19922702561931546,2.2757008310912087e-05
2023-11-20,total,total,507,0.19920861500313772,2.0516292244301456e-05
2023-11-27,total,total,482,0.19878897419895442,2.5308549149922542e-05
2023-12-04,total,total,480,0.19923803366548162,2.3036149062087388e-05
2023-12-11,total,total,507,0.19923257163207608,2.4931284879205687e-05
2023-12-18,total,total,494,0.19949300899421213,2.3267575847683488e-05
2023-12-25,total,total,494,0.19887203497937425,2.1285174099608415e-05
2024-01-01,total,total,527,0.1991697265949569,2.3738042763262663e-05
2024-01-08,total,total,475,0.19914550907702272,2.2762181617423005e-05
2024-01-15,total,total,488,0.19942828701705026,2.3508418046725915e-05
2024-01-22,total,total,501,0.19886198779500502,2.7836774059808684e-05
2024-01-29,total,total,490,0.1989061076748349,2.2022154225169175e-05
2024-02-05,total,total,481,0.1990338335314342,2.360314978452125e-05
2024-02-12,total,total,494,0.19887847771456274,2.3643801269057002e-05
2024-02-19,total,total,544,0.1991788919132611,2.124199865725483e-05
2024-02-26,total,total,499,0.19895952942426418,2.3265691355211115e-05
2024-03-04,total,total,473,0.19895509013717896,2.467530812327135e-05
2024-03-11,total,total,527,0.19927879095250153,2.4337790989699417e-05
2024-03-18,total,total,517,0.19931944907604338,2.0370434953633193e-05
2024-03-25,total,total,485,0.1986533724763299,2.289227443324246e-05
2024-04-01,total,total,496,0.19908620385043235,2.538091106828054e-05
2024-04-08,total,total,507,0.19865807386830064,2.5356192210520912e-05
2024-04-15,total,total,513,0.19900399745050765,2.4537571464705417e-05
2024-04-22,total,total,467,0.19881620867796046,2.617505830365107e-05
2024-04-29,total,total,484,0.19909703577406443,2.1861353013750735e-05
2024-05-06,total,total,439,0.19893404545695845,2.4360970694242397e-05
2024-05-13,total,total,522,0.19929822487727508,2.248427388040958e-05
2024-05-20,total,total,502,0.19904539758854736,1.9999428959694787e-05
2024-05-27,total,total,522,0.19916076132777194,2.2241250699806464e-05
2024-06-03,total,total,497,0.19930610862009943,2.326386001453404e-05
2024-06-10,total,total,503,0.19911121895405745,2.412240106980145e-05
2024-06-17,total,total,493,0.1988901782247428,2.3012674226282348e-05
2024-06-24,total,total,536,0.19903337860032225,2.1270319767975653e-05
2024-07-01,total,total,503,0.19905477829812748,2.3571645942497965e-05
2024-07-08,total,total,516,0.1989561513885255,2.442233589427991e-05
2024-07-15,total,total,509,0.19891276998968402,2.276687742348745e-05
2024-07-22,total,total,480,0.19935694373827836,2.4940928350828162e-05
2024-07-29,total,total,554,0.1990119232330879,2.4143284527383332e-05
2024-08-05,total,total,526,0.19912456457072275,2.454865577754082e-05
2024-08-12,total,total,504,0.19877336699991133,2.33119194071329e-05
2024-08-19,total,total,524,0.1990315532968061,2.519884986117907e-05
2024-08-26,total,total,548,0.19942786737995122,2.384033544719169e-05
2024-09-02,total,total,512,0.19944090871737583,2.783379780564267e-05
2024-09-09,total,total,510,0.19905922118180788,2.2607391308463953e-05
2024-09-16,total,total,507,0.19872213999489305,2.2623210194608213e-05
2024-09-23,total,total,453,0.19883289380997546,2.3730785155401413e-05
2024-09-30,total,total,507,0.19881789795516377,2.5299748232554765e-05
2024-10-07,total,total,495,0.19885770776041614,2.213700209480552e-05
2024-10-14,total,total,514,0.19878545684914076,2.4298818288787285e-05
2024-10-21,total,total,486,0.19910167876156326,2.6865395928633135e-05
2024-10-28,total,total,515,0.1991408262297638,2.2808017436286165e-05
2024-11-04,total,total,472,0.19902384675960105,2.116943640070814e-05
2024-11-11,total,total,498,0.19933511503073187,2.6667700076974392e-05
2024-11-18,total,total,506,0.1988031835340748,2.464750578274384e-05
2024-11-25,total,total,505,0.19925340817246096,2.4385378099855832e-05
2024-12-02,total,total,488,0.1993001249751471,2.6278806346065885e-05
2024-12-09,total,total,562,0.19931968363229718,2.587785879207764e-05
2024-12-16,total,total,504,0.19898463037051428,2.0668463267247507e-05
2024-12-23,total,total,489,0.19905163563419406,2.3072799340907062e-05
2024-12-30,total,total,467,0.19924455036941344,2.240834607096686e-05
2025-01-06,total,total,481,0.199284596118822,2.3484810706339602e-05
2025-01-13,total,total,452,0.19892868169528957,2.301125377677049e-05
2025-01-20,total,total,489,0.19912169753784592,2.7640110346230132e-05
2025-01-27,total,total,499,0.19896672169086904,2.426698737876889e-05
2025-02-03,total,total,494,0.19918104510932588,2.627090242760237e-05
2025-02-10,total,total,459,0.19925414627385812,2.3421579285916868e-05
2025-02-17,total,total,495,0.19884141243987638,2.365857580689119e-05
2025-02-24,total,total,489,0.19916823209103876,2.3377930736586885e-05
2025-03-03,total,total,522,0.19876716659175528,2.3278247571296993e-05
2025-03-10,total,total,444,0.19890760205936492,2.34551049537715e-05
2025-03-17,total,total,511,0.19871869806338496,2.1540703148171314e-05
2025-03-24,total,total,526,0.19901085887553918,2.617580874957119e-05
2025-03-31,total,total,482,0.19880578143874866,2.4309137109712256e-05
2025-04-07,total,total,499,0.19873154248081354,2.3407975043853716e-05
2025-04-14,total,total,532,0.19894377064448093,2.433346029685129e-05
2025-04-21,total,total,510,0.19938280810806291,2.2947804068948623e-05
2025-04-28,total,total,479,0.1990999008222913,2.180076187985102e-05
2025-05-05,total,total,490,0.1994744396561773,2.21169976788664e-05
2025-05-12,total,total,540,0.1989251819281643,2.530501247565503e-05
2025-05-19,total,total,498,0.19915896395933835,2.432184714589139e-05
2025-05-26,total,total,181,0.19879728865775473,2.1143096675815994e-05
